year,team,probowler_count,win%,division,playoffs,attendance,capacity,attend%,climate,year 1 attend%,year 1 attendance
2006,crd,-0.6580083464217318,-0.9899319445181435,1.3613804893421622,-0.6414960643497895,63603.0,-0.9540527240936982,1.0,1.848847753875895,1.02,64580.0
2007,crd,-0.6580083464217318,-0.011249226642251867,-0.4360844819518797,-0.6414960643497895,64580.0,-0.9931073493622022,1.02,1.848847753875895,1.01,64096.0
2008,crd,0.5826327773269823,0.31497834598304536,-1.3348169675989006,2.386962099906193,64096.0,-0.9731718517797502,1.01,1.848847753875895,1.0,63142.0
2009,crd,0.5826327773269823,0.6412059186083425,-1.3348169675989006,0.8727330177782018,63142.0,-1.0162918140881259,1.0,1.848847753875895,0.99,62774.0
2010,crd,-0.24446130517216047,-0.9899319445181435,1.3613804893421622,-0.6414960643497895,62774.0,-0.9803685443268857,0.99,1.848847753875895,0.97,61181.0
2011,crd,-0.24446130517216047,-0.011249226642251867,-0.4360844819518797,-0.6414960643497895,61181.0,-1.025580981219706,0.97,1.848847753875895,0.96,60890.0
2012,crd,-0.24446130517216047,-0.9899319445181435,1.3613804893421622,-0.6414960643497895,60890.0,-0.97780303482729,0.96,1.848847753875895,0.96,61033.0
2013,crd,0.16908573607741087,0.6412059186083425,0.4626480036951412,-0.6414960643497895,61033.0,-0.9576923382681719,0.96,1.848847753875895,0.98,61979.0
2014,crd,0.16908573607741087,0.9674334912336398,-0.4360844819518797,0.11561847671420618,61979.0,-1.0025374408422019,0.98,1.848847753875895,0.99,64185.0
2015,crd,1.409726859826125,1.6198886364842342,-1.3348169675989006,1.6298475588421972,64185.0,-0.7879468085698846,0.99,1.848847753875895,1.02,64831.0
2016,crd,-0.24446130517216047,-0.17436301295490048,-0.4360844819518797,-0.6414960643497895,64831.0,-0.9598845779177696,1.02,1.848847753875895,0.99,64217.0
2017,crd,0.16908573607741087,-0.011249226642251867,0.4626480036951412,-0.6414960643497895,64217.0,-0.7835828854343612,0.99,1.848847753875895,0.95,62013.0
2018,crd,-1.071555387671303,-1.642387089768738,1.3613804893421622,-0.6414960643497895,62013.0,-0.7280691895471982,0.95,1.848847753875895,0.943,61323.0
2006,atl,-0.6580083464217318,-0.3374767992675491,0.4626480036951412,-0.6414960643497895,70432.0,0.06397281104314181,0.99,-0.19230027623590207,0.96,68395.0
2007,atl,-1.4851024289208745,-1.3161595171434408,1.3613804893421622,-0.6414960643497895,68395.0,0.07765694892221314,0.96,-0.19230027623590207,0.9,64065.0
2008,atl,-0.6580083464217318,0.9674334912336398,-0.4360844819518797,0.11561847671420618,64065.0,0.06935952866355093,0.9,-0.19230027623590207,0.96,68173.0
2009,atl,-1.071555387671303,0.31497834598304536,-0.4360844819518797,-0.6414960643497895,68173.0,0.04643614727099536,0.96,-0.19230027623590207,0.95,67850.0
2010,atl,2.236820942325268,1.6198886364842342,-1.3348169675989006,0.8727330177782018,67850.0,0.10145374297357722,0.95,-0.19230027623590207,0.97,68986.0
2011,atl,-0.6580083464217318,0.6412059186083425,-0.4360844819518797,0.11561847671420618,68986.0,0.0607532930082349,0.97,-0.19230027623590207,0.98,70096.0
2012,atl,0.5826327773269823,1.6198886364842342,-1.3348169675989006,1.6298475588421972,70096.0,0.11569420616468037,0.98,-0.19230027623590207,0.99,70224.0
2013,atl,-1.071555387671303,-1.3161595171434408,0.4626480036951412,-0.6414960643497895,70224.0,0.03560731066223441,0.99,-0.19230027623590207,0.99,70502.0
2014,atl,-0.24446130517216047,-0.6637043718928463,0.4626480036951412,-0.6414960643497895,70502.0,0.07351889290209952,0.99,-0.19230027623590207,0.99,70355.0
2015,atl,0.16908573607741087,-0.011249226642251867,-0.4360844819518797,-0.6414960643497895,70355.0,0.05347212099828735,0.99,-0.19230027623590207,0.93,69999.0
2016,atl,0.9961798185765536,0.9674334912336398,-1.3348169675989006,2.386962099906193,69999.0,0.6207909268485021,0.93,-0.19230027623590207,0.96,71960.0
2017,atl,0.16908573607741087,0.6412059186083425,0.4626480036951412,0.8727330177782018,71960.0,0.5790180204834342,0.96,-0.19230027623590207,0.97,72898.0
2018,atl,0.16908573607741087,-0.3374767992675491,-0.4360844819518797,-0.6414960643497895,72898.0,0.6052426819614312,0.97,-0.19230027623590207,0.955,71601.0
2006,rav,1.409726859826125,1.6198886364842342,-1.3348169675989006,0.8727330177782018,70818.0,-0.25844113872140173,1.03,-0.19230027623590207,1.03,71153.0
2007,rav,0.16908573607741087,-0.9899319445181435,1.3613804893421622,-0.6414960643497895,71153.0,-0.21453048617599899,1.03,-0.19230027623590207,1.0,71269.0
2008,rav,0.5826327773269823,0.9674334912336398,-0.4360844819518797,1.6298475588421972,71269.0,0.08092528869867134,1.0,-0.19230027623590207,1.0,71082.0
2009,rav,0.5826327773269823,0.31497834598304536,-0.4360844819518797,0.8727330177782018,71082.0,0.05567862963368658,1.0,-0.19230027623590207,1.0,71227.0
2010,rav,0.5826327773269823,1.293661063858937,-0.4360844819518797,0.8727330177782018,71227.0,0.07525491607445016,1.0,-0.19230027623590207,1.0,71224.0
2011,rav,1.8232739010756962,1.293661063858937,-1.3348169675989006,1.6298475588421972,71224.0,0.07484988945843436,1.0,-0.19230027623590207,1.0,71278.0
2012,rav,0.9961798185765536,0.6412059186083425,-1.3348169675989006,3.1440766409701886,71278.0,0.08214036854671873,1.0,-0.19230027623590207,1.0,71135.0
2013,rav,0.16908573607741087,-0.011249226642251867,0.4626480036951412,-0.6414960643497895,71135.0,0.06283409984996569,1.0,-0.19230027623590207,1.0,71044.0
2014,rav,0.16908573607741087,0.6412059186083425,0.4626480036951412,0.8727330177782018,71044.0,0.05054829249748647,1.0,-0.19230027623590207,1.0,71002.0
2015,rav,0.16908573607741087,-0.9899319445181435,0.4626480036951412,-0.6414960643497895,71002.0,0.0448779198732653,1.0,-0.19230027623590207,1.0,71102.0
2016,rav,1.409726859826125,-0.011249226642251867,-0.4360844819518797,-0.6414960643497895,71102.0,0.05837880707379191,1.0,-0.19230027623590207,0.99,70588.0
2017,rav,-0.24446130517216047,0.31497834598304536,-0.4360844819518797,-0.6414960643497895,70588.0,0.08524693632881843,0.99,-0.19230027623590207,0.99,70431.0
2018,rav,0.16908573607741087,0.6412059186083425,-1.3348169675989006,0.11561847671420618,70431.0,0.063836438445156,0.99,-0.19230027623590207,0.995,70627.0
2006,buf,-0.6580083464217318,-0.3374767992675491,0.4626480036951412,-0.6414960643497895,67646.0,0.2792039635921675,0.93,0.8282737388199964,0.97,71054.0
2007,buf,-0.6580083464217318,-0.3374767992675491,-0.4360844819518797,-0.6414960643497895,71054.0,0.3485866407472971,0.97,0.8282737388199964,0.98,71405.0
2008,buf,-0.6580083464217318,-0.3374767992675491,1.3613804893421622,-0.6414960643497895,71405.0,0.2960274852002863,0.98,0.8282737388199964,0.96,70128.0
2009,buf,-1.071555387671303,-0.6637043718928463,1.3613804893421622,-0.6414960643497895,70128.0,0.32137608974005016,0.96,0.8282737388199964,0.87,63195.0
2010,buf,-1.071555387671303,-1.3161595171434408,1.3613804893421622,-0.6414960643497895,63195.0,0.26574312351718987,0.87,0.8282737388199964,0.86,62694.0
2011,buf,-1.4851024289208745,-0.6637043718928463,1.3613804893421622,-0.6414960643497895,62694.0,0.3011247589392603,0.86,0.8282737388199964,0.89,64950.0
2012,buf,-0.24446130517216047,-0.6637043718928463,1.3613804893421622,-0.6414960643497895,64950.0,0.31159173890371306,0.89,0.8282737388199964,0.91,66267.0
2013,buf,0.16908573607741087,-0.6637043718928463,1.3613804893421622,-0.6414960643497895,66267.0,0.2904427382970856,0.91,0.8282737388199964,0.94,67522.0
2014,buf,-0.24446130517216047,0.31497834598304536,-0.4360844819518797,-0.6414960643497895,67522.0,0.1569237935208701,0.94,0.8282737388199964,0.96,69880.0
2015,buf,0.16908573607741087,-0.011249226642251867,0.4626480036951412,-0.6414960643497895,69880.0,0.2864987978053591,0.96,0.8282737388199964,0.94,68509.0
2016,buf,0.9961798185765536,-0.3374767992675491,0.4626480036951412,-0.6414960643497895,68509.0,0.29868310912639945,0.94,0.8282737388199964,0.91,66775.0
2017,buf,-0.24446130517216047,0.31497834598304536,-0.4360844819518797,0.11561847671420618,66775.0,0.3658103283835413,0.91,0.8282737388199964,0.9,64961.0
2018,buf,-1.071555387671303,-0.6637043718928463,0.4626480036951412,-0.6414960643497895,64961.0,0.2037683612376853,0.9,0.8282737388199964,0.958,68839.0
2006,car,-0.24446130517216047,-0.011249226642251867,-0.4360844819518797,-0.6414960643497895,73567.0,0.3911756765667727,1.0,-0.19230027623590207,1.0,73402.0
2007,car,-1.4851024289208745,-0.3374767992675491,-0.4360844819518797,-0.6414960643497895,73402.0,0.3688992126859038,1.0,-0.19230027623590207,0.99,73210.0
2008,car,0.16908573607741087,1.293661063858937,-1.3348169675989006,0.8727330177782018,73210.0,0.4428158882457977,0.99,-0.19230027623590207,0.99,73289.0
2009,car,0.16908573607741087,-0.011249226642251867,0.4626480036951412,-0.6414960643497895,73289.0,0.45358932348662184,0.99,-0.19230027623590207,0.98,72620.0
2010,car,-0.24446130517216047,-1.9686146623940353,1.3613804893421622,-0.6414960643497895,72620.0,0.4634109336557954,0.98,-0.19230027623590207,0.98,72292.0
2011,car,-0.24446130517216047,-0.6637043718928463,0.4626480036951412,-0.6414960643497895,72292.0,0.41822429078056544,0.98,-0.19230027623590207,0.99,73293.0
2012,car,-1.4851024289208745,-0.3374767992675491,-0.4360844819518797,-0.6414960643497895,73293.0,0.4541348138785592,0.99,-0.19230027623590207,1.0,73443.0
2013,car,1.409726859826125,1.293661063858937,-1.3348169675989006,0.8727330177782018,73443.0,0.3744345764381197,1.0,-0.19230027623590207,1.0,73607.0
2014,car,-0.6580083464217318,-0.17436301295490048,-1.3348169675989006,0.8727330177782018,73607.0,0.3965760314469834,1.0,-0.19230027623590207,1.0,74056.0
2015,car,2.650367983574839,2.2723437817348286,-1.3348169675989006,2.386962099906193,74056.0,0.4571950149773478,1.0,-0.19230027623590207,1.0,73792.0
2016,car,0.5826327773269823,-0.6637043718928463,1.3613804893421622,-0.6414960643497895,73792.0,0.4215526727679576,1.0,-0.19230027623590207,1.0,73617.0
2017,car,0.16908573607741087,0.9674334912336398,-0.4360844819518797,0.11561847671420618,73617.0,0.39792612016703605,1.0,-0.19230027623590207,1.0,73772.0
2018,car,-0.24446130517216047,-0.3374767992675491,0.4626480036951412,-0.6414960643497895,73772.0,0.4188524953278523,1.0,-0.19230027623590207,0.979,72220.0
2006,chi,1.8232739010756962,1.6198886364842342,-1.3348169675989006,2.386962099906193,62223.0,-0.5080574481116568,0.93,-1.2128742912918007,0.93,62158.0
2007,chi,0.16908573607741087,-0.3374767992675491,1.3613804893421622,-0.6414960643497895,62158.0,-0.5174935520690138,0.93,-1.2128742912918007,1.01,62034.0
2008,chi,-1.071555387671303,0.31497834598304536,-0.4360844819518797,-0.6414960643497895,62034.0,-1.2488038261112933,1.01,-1.2128742912918007,1.01,62250.0
2009,chi,-0.6580083464217318,-0.3374767992675491,0.4626480036951412,-0.6414960643497895,62250.0,-1.2199306416032387,1.01,-1.2128742912918007,1.01,62195.0
2010,chi,0.16908573607741087,0.9674334912336398,-1.3348169675989006,1.6298475588421972,62195.0,-1.2272826098807512,1.01,-1.2128742912918007,1.01,62145.0
2011,chi,0.9961798185765536,-0.011249226642251867,0.4626480036951412,-0.6414960643497895,62145.0,-1.2339662174057655,1.01,-1.2128742912918007,1.01,62329.0
2012,chi,0.5826327773269823,0.6412059186083425,0.4626480036951412,-0.6414960643497895,62329.0,-1.2093705417137168,1.01,-1.2128742912918007,1.01,62358.0
2013,chi,0.5826327773269823,-0.011249226642251867,-0.4360844819518797,-0.6414960643497895,62358.0,-1.2054940493492095,1.01,-1.2128742912918007,1.0,61681.0
2014,chi,-0.6580083464217318,-0.9899319445181435,1.3613804893421622,-0.6414960643497895,61681.0,-1.2135397760878197,1.0,-1.2128742912918007,1.01,62035.0
2015,chi,-1.071555387671303,-0.6637043718928463,1.3613804893421622,-0.6414960643497895,62035.0,-1.2486701539607925,1.01,-1.2128742912918007,0.98,60368.0
2016,chi,-0.6580083464217318,-1.642387089768738,1.3613804893421622,-0.6414960643497895,60368.0,-1.224475494720246,0.98,-1.2128742912918007,0.99,61142.0
2017,chi,-1.4851024289208745,-0.9899319445181435,1.3613804893421622,-0.6414960643497895,61142.0,-1.202928624238597,0.99,-1.2128742912918007,1.01,61815.0
2018,chi,1.8232739010756962,1.293661063858937,-1.3348169675989006,0.11561847671420618,61815.0,-1.278078027070852,1.01,-1.2128742912918007,1.007,61916.0
2006,cin,-0.24446130517216047,-0.011249226642251867,-0.4360844819518797,-0.6414960643497895,65983.0,-0.7209325037857545,1.01,-0.19230027623590207,1.0,65790.0
2007,cin,-0.6580083464217318,-0.3374767992675491,0.4626480036951412,-0.6414960643497895,65790.0,-0.6587883210181814,1.0,-0.19230027623590207,0.99,64582.0
2008,cin,-1.4851024289208745,-1.1530457308307922,0.4626480036951412,-0.6414960643497895,64582.0,-0.7338068871697944,0.99,-0.19230027623590207,0.98,64004.0
2009,cin,-1.071555387671303,0.6412059186083425,-1.3348169675989006,0.11561847671420618,64004.0,-0.7235650267496873,0.98,-0.19230027623590207,0.92,60364.0
2010,cin,-1.4851024289208745,-1.3161595171434408,1.3613804893421622,-0.6414960643497895,60364.0,-0.6826790214121574,0.92,-0.19230027623590207,0.75,49251.0
2011,cin,0.16908573607741087,0.31497834598304536,0.4626480036951412,0.11561847671420618,49251.0,-0.6752594034028239,0.75,-0.19230027623590207,0.93,61188.0
2012,cin,0.16908573607741087,0.6412059186083425,-0.4360844819518797,0.11561847671420618,61188.0,-0.6583092572788081,0.93,-0.19230027623590207,0.97,63297.0
2013,cin,-0.6580083464217318,0.9674334912336398,-1.3348169675989006,0.11561847671420618,63297.0,-0.7310667820824448,0.97,-0.19230027623590207,0.93,60703.0
2014,cin,0.16908573607741087,0.8043197049209911,-0.4360844819518797,0.11561847671420618,60703.0,-0.7287171098837052,0.93,-0.19230027623590207,0.94,61389.0
2015,cin,1.8232739010756962,1.293661063858937,-1.3348169675989006,0.11561847671420618,61389.0,-0.7239372830837018,0.94,-0.19230027623590207,0.92,60511.0
2016,cin,0.5826327773269823,-0.5005905855801976,0.4626480036951412,-0.6414960643497895,60511.0,-0.6611069516460991,0.92,-0.19230027623590207,0.81,53275.0
2017,cin,-0.24446130517216047,-0.3374767992675491,0.4626480036951412,-0.6414960643497895,53275.0,-0.6612718175525998,0.81,-0.19230027623590207,0.78,50753.0
2018,cin,-1.071555387671303,-0.6637043718928463,1.3613804893421622,-0.6414960643497895,50753.0,-0.7562716501378811,0.78,-0.19230027623590207,0.72,47179.0
2006,cle,-1.4851024289208745,-1.3161595171434408,1.3613804893421622,-0.6414960643497895,72334.0,0.12801932404141894,1.01,-1.2128742912918007,1.01,73000.0
2007,cle,0.9961798185765536,0.6412059186083425,-0.4360844819518797,-0.6414960643497895,73000.0,0.21704497627459504,1.01,-1.2128742912918007,0.99,72778.0
2008,cle,-0.24446130517216047,-1.3161595171434408,1.3613804893421622,-0.6414960643497895,72778.0,0.38390292591622366,0.99,-1.2128742912918007,0.94,68888.0
2009,cle,-0.6580083464217318,-0.9899319445181435,1.3613804893421622,-0.6414960643497895,68888.0,0.35311753730724477,0.94,-1.2128742912918007,0.9,66116.0
2010,cle,-0.6580083464217318,-0.9899319445181435,0.4626480036951412,-0.6414960643497895,66116.0,0.377029746977778,0.9,-1.2128742912918007,0.9,65859.0
2011,cle,-1.071555387671303,-1.3161595171434408,1.3613804893421622,-0.6414960643497895,65859.0,0.3384772135273865,0.9,-1.2128742912918007,0.91,66632.0
2012,cle,-0.24446130517216047,-0.9899319445181435,1.3613804893421622,-0.6414960643497895,66632.0,0.34459464849699983,0.91,-1.2128742912918007,0.97,71242.0
2013,cle,0.9961798185765536,-1.3161595171434408,1.3613804893421622,-0.6414960643497895,71242.0,0.3747533087235773,0.97,-1.2128742912918007,0.92,67425.0
2014,cle,0.16908573607741087,-0.3374767992675491,1.3613804893421622,-0.6414960643497895,67425.0,0.35351407122825956,0.92,-1.2128742912918007,0.9,66186.0
2015,cle,-0.24446130517216047,-1.642387089768738,1.3613804893421622,-0.6414960643497895,66186.0,0.38753043702263057,0.9,-1.2128742912918007,0.88,64311.0
2016,cle,-1.071555387671303,-2.2948422350193325,1.3613804893421622,-0.6414960643497895,64311.0,0.32551840740384885,0.88,-1.2128742912918007,0.87,63882.0
2017,cle,-1.071555387671303,-2.6210698076446297,1.3613804893421622,-0.6414960643497895,63882.0,0.3723535776179005,0.87,-1.2128742912918007,0.98,65765.0
2018,cle,0.16908573607741087,-0.17436301295490048,0.4626480036951412,-0.6414960643497895,65765.0,-0.48096234960553125,0.98,-1.2128742912918007,1.0,67431.0
2006,dal,1.409726859826125,0.31497834598304536,-0.4360844819518797,0.11561847671420618,63288.0,-0.6405621232974704,0.96,-0.19230027623590207,0.97,63534.0
2007,dal,3.891009107323553,1.6198886364842342,-1.3348169675989006,0.8727330177782018,63534.0,-0.698080078303837,0.97,-0.19230027623590207,0.96,63368.0
2008,dal,0.9961798185765536,0.31497834598304536,0.4626480036951412,-0.6414960643497895,63368.0,-0.629311383963697,0.96,-0.19230027623590207,1.12,89756.0
2009,dal,2.236820942325268,0.9674334912336398,-1.3348169675989006,0.8727330177782018,89756.0,1.2784925573488108,1.12,-0.19230027623590207,1.09,87047.0
2010,dal,0.9961798185765536,-0.6637043718928463,0.4626480036951412,-0.6414960643497895,87047.0,1.2407369635557253,1.09,-0.19230027623590207,1.07,85512.0
2011,dal,-0.6580083464217318,-0.011249226642251867,0.4626480036951412,-0.6414960643497895,85512.0,1.2485842167780847,1.07,-0.19230027623590207,1.11,88531.0
2012,dal,-0.24446130517216047,-0.011249226642251867,0.4626480036951412,-0.6414960643497895,88531.0,1.2269693838978943,1.11,-0.19230027623590207,1.1,88043.0
2013,dal,0.5826327773269823,-0.011249226642251867,-0.4360844819518797,-0.6414960643497895,88043.0,1.2649653697186718,1.1,-0.19230027623590207,1.13,90069.0
2014,dal,1.8232739010756962,1.293661063858937,-1.3348169675989006,0.8727330177782018,90069.0,1.2201409035981168,1.13,-0.19230027623590207,0.92,91459.0
2015,dal,0.5826327773269823,-1.3161595171434408,1.3613804893421622,-0.6414960643497895,91459.0,3.880474103591916,0.92,-0.19230027623590207,1.16,92539.0
2016,dal,1.409726859826125,1.6198886364842342,-1.3348169675989006,0.8727330177782018,92539.0,1.2293107539754644,1.16,-0.19230027623590207,0.93,92721.0
2017,dal,0.5826327773269823,0.31497834598304536,-0.4360844819518797,-0.6414960643497895,92721.0,3.9193625286803906,0.93,-0.19230027623590207,0.92,91619.0
2018,dal,1.409726859826125,0.6412059186083425,-1.3348169675989006,0.8727330177782018,91619.0,3.9039539074189222,0.92,-0.19230027623590207,0.909,90929.0
2006,den,-0.24446130517216047,0.31497834598304536,0.4626480036951412,-0.6414960643497895,76347.0,0.7665003407414124,1.0,-0.19230027623590207,1.01,76611.0
2007,den,-0.6580083464217318,-0.3374767992675491,-0.4360844819518797,-0.6414960643497895,76611.0,0.6997351117310456,1.01,-0.19230027623590207,0.99,75509.0
2008,den,-0.24446130517216047,-0.011249226642251867,-0.4360844819518797,-0.6414960643497895,75509.0,0.7563364910135818,0.99,-0.19230027623590207,0.99,75116.0
2009,den,0.5826327773269823,-0.011249226642251867,-0.4360844819518797,-0.6414960643497895,75116.0,0.7027420600054308,0.99,-0.19230027623590207,0.98,74908.0
2010,den,-0.6580083464217318,-1.3161595171434408,1.3613804893421622,-0.6414960643497895,74908.0,0.7786153205415595,0.98,-0.19230027623590207,0.99,75327.0
2011,den,0.9961798185765536,-0.011249226642251867,-1.3348169675989006,0.8727330177782018,75327.0,0.7315166781802898,0.99,-0.19230027623590207,1.01,76632.0
2012,den,1.409726859826125,1.6198886364842342,-1.3348169675989006,0.8727330177782018,76632.0,0.7025422268915517,1.01,-0.19230027623590207,1.01,76872.0
2013,den,0.5826327773269823,1.6198886364842342,-1.3348169675989006,2.386962099906193,76872.0,0.7346235430116136,1.01,-0.19230027623590207,1.01,76939.0
2014,den,3.0639150248244102,1.293661063858937,-1.3348169675989006,0.8727330177782018,76939.0,0.7435795770951327,1.01,-0.19230027623590207,1.01,76922.0
2015,den,0.16908573607741087,1.293661063858937,-1.3348169675989006,3.1440766409701886,76922.0,0.7413071505366279,1.01,-0.19230027623590207,1.01,76774.0
2016,den,0.9961798185765536,0.31497834598304536,0.4626480036951412,-0.6414960643497895,76774.0,0.7215236722625884,1.01,-0.19230027623590207,1.0,76355.0
2017,den,-0.6580083464217318,-0.9899319445181435,1.3613804893421622,-0.6414960643497895,76355.0,0.7675804117174545,1.0,-0.19230027623590207,1.0,76446.0
2018,den,0.16908573607741087,-0.6637043718928463,0.4626480036951412,-0.6414960643497895,76446.0,0.7798662190699337,1.0,-0.19230027623590207,0.998,75937.0
2006,det,-1.071555387671303,-1.642387089768738,1.3613804893421622,-0.6414960643497895,60889.0,-0.7957505128737353,0.94,-1.2128742912918007,0.94,61304.0
2007,det,-1.4851024289208745,-0.3374767992675491,0.4626480036951412,-0.6414960643497895,61304.0,-0.7361455321480058,0.94,-1.2128742912918007,0.85,54497.0
2008,det,-1.4851024289208745,-2.6210698076446297,1.3613804893421622,-0.6414960643497895,54497.0,-0.8850473071023005,0.85,-1.2128742912918007,0.77,49395.0
2009,det,-1.4851024289208745,-1.9686146623940353,1.3613804893421622,-0.6414960643497895,49395.0,-0.8802905392055214,0.77,-1.2128742912918007,0.87,56285.0
2010,det,-0.6580083464217318,-0.6637043718928463,0.4626480036951412,-0.6414960643497895,56285.0,-0.8065687219499226,0.87,-1.2128742912918007,0.99,63742.0
2011,det,-1.071555387671303,0.6412059186083425,-0.4360844819518797,0.11561847671420618,63742.0,-0.8483598694772927,0.99,-1.2128742912918007,0.99,63769.0
2012,det,-0.24446130517216047,-1.3161595171434408,1.3613804893421622,-0.6414960643497895,63769.0,-0.8446778093316935,0.99,-1.2128742912918007,0.99,63796.0
2013,det,-0.6580083464217318,-0.3374767992675491,0.4626480036951412,-0.6414960643497895,63796.0,-0.8409957491860972,0.99,-1.2128742912918007,0.98,63024.0
2014,det,0.5826327773269823,0.9674334912336398,-0.4360844819518797,0.11561847671420618,63024.0,-0.8585738987549534,0.98,-1.2128742912918007,0.94,61347.0
2015,det,-0.6580083464217318,-0.3374767992675491,0.4626480036951412,-0.6414960643497895,61347.0,-0.7299695943860627,0.94,-1.2128742912918007,0.94,60792.0
2016,det,-1.071555387671303,0.31497834598304536,-0.4360844819518797,0.11561847671420618,60792.0,-0.8096822794530018,0.94,-1.2128742912918007,0.99,64137.0
2017,det,-0.6580083464217318,0.31497834598304536,-0.4360844819518797,-0.6414960643497895,64137.0,-0.7944926932731712,0.99,-1.2128742912918007,0.97,62795.0
2018,det,-0.6580083464217318,-0.6637043718928463,1.3613804893421622,-0.6414960643497895,62795.0,-0.8009373529552724,0.97,-1.2128742912918007,0.951,61342.0
2006,gnb,-0.6580083464217318,-0.011249226642251867,-0.4360844819518797,-0.6414960643497895,70718.0,-1.3103690701856665,1.16,0.8282737388199964,1.17,70805.0
2007,gnb,0.5826327773269823,1.6198886364842342,-1.3348169675989006,1.6298475588421972,70805.0,-1.370677409960136,1.17,0.8282737388199964,0.97,70682.0
2008,gnb,-0.24446130517216047,-0.6637043718928463,0.4626480036951412,-0.6414960643497895,70682.0,0.29681004241125675,0.97,0.8282737388199964,0.97,70708.0
2009,gnb,0.16908573607741087,0.9674334912336398,-0.4360844819518797,0.11561847671420618,70708.0,0.30042883691861577,0.97,0.8282737388199964,0.97,70795.0
2010,gnb,0.9961798185765536,0.6412059186083425,-0.4360844819518797,3.1440766409701886,70795.0,0.3125378800778494,0.97,0.8282737388199964,0.97,70512.0
2011,gnb,1.409726859826125,2.2723437817348286,-1.3348169675989006,0.8727330177782018,70512.0,0.27314869370930356,0.97,0.8282737388199964,0.97,70507.0
2012,gnb,0.16908573607741087,0.9674334912336398,-1.3348169675989006,0.8727330177782018,70507.0,0.27245277168865706,0.97,0.8282737388199964,1.07,77947.0
2013,gnb,-1.071555387671303,0.15186455967039675,-1.3348169675989006,0.11561847671420618,77947.0,0.2940588740492653,1.07,0.8282737388199964,1.07,78139.0
2014,gnb,1.409726859826125,1.293661063858937,-1.3348169675989006,1.6298475588421972,78139.0,0.3182847651006759,1.07,0.8282737388199964,1.07,78413.0
2015,gnb,0.5826327773269823,0.6412059186083425,-0.4360844819518797,0.8727330177782018,78413.0,0.35285713045529604,1.07,0.8282737388199964,0.96,78215.0
2016,gnb,0.16908573607741087,0.6412059186083425,-1.3348169675989006,1.6298475588421972,78215.0,1.4586852021427459,0.96,0.8282737388199964,1.07,78092.0
2017,gnb,-0.6580083464217318,-0.3374767992675491,0.4626480036951412,-0.6414960643497895,78092.0,0.3123544688537162,1.07,0.8282737388199964,0.96,77834.0
2018,gnb,-0.6580083464217318,-0.5005905855801976,0.4626480036951412,-0.6414960643497895,77834.0,1.405103556065656,0.96,0.8282737388199964,0.956,77845.0
2006,htx,-1.071555387671303,-0.6637043718928463,1.3613804893421622,-0.6414960643497895,70183.0,-0.15950947168464996,1.01,-0.19230027623590207,1.02,70519.0
2007,htx,-1.071555387671303,-0.011249226642251867,1.3613804893421622,-0.6414960643497895,70519.0,-0.20701157402957812,1.02,-0.19230027623590207,0.99,70420.0
2008,htx,-0.24446130517216047,-0.011249226642251867,0.4626480036951412,-0.6414960643497895,70420.0,0.06233633986731993,0.99,-0.19230027623590207,0.99,70608.0
2009,htx,0.5826327773269823,0.31497834598304536,-0.4360844819518797,-0.6414960643497895,70608.0,0.08797438828852287,0.99,-0.19230027623590207,1.0,71080.0
2010,htx,-0.24446130517216047,-0.6637043718928463,0.4626480036951412,-0.6414960643497895,71080.0,0.05540861188967605,1.0,-0.19230027623590207,1.01,71496.0
2011,htx,0.16908573607741087,0.6412059186083425,-1.3348169675989006,0.8727330177782018,71496.0,0.016002061922195904,1.01,-0.19230027623590207,1.01,71665.0
2012,htx,2.236820942325268,1.293661063858937,-1.3348169675989006,0.8727330177782018,71665.0,0.0385926553567434,1.01,-0.19230027623590207,1.01,71658.0
2013,htx,-0.24446130517216047,-1.9686146623940353,1.3613804893421622,-0.6414960643497895,71658.0,0.03765695030324076,1.01,-0.19230027623590207,1.01,71766.0
2014,htx,-0.24446130517216047,0.31497834598304536,-0.4360844819518797,-0.6414960643497895,71766.0,0.05209354255727001,1.01,-0.19230027623590207,1.01,71769.0
2015,htx,-0.24446130517216047,0.31497834598304536,-1.3348169675989006,0.11561847671420618,71769.0,0.052494559008769454,1.01,-0.19230027623590207,1.01,71868.0
2016,htx,-1.071555387671303,0.31497834598304536,-1.3348169675989006,0.8727330177782018,71868.0,0.06572810190829839,1.01,-0.19230027623590207,1.01,71774.0
2017,htx,-0.6580083464217318,-1.3161595171434408,0.4626480036951412,-0.6414960643497895,71774.0,0.053162919761272465,1.01,-0.19230027623590207,1.0,71804.0
2018,htx,0.9961798185765536,0.9674334912336398,-1.3348169675989006,0.11561847671420618,71804.0,0.15315503522148868,1.0,-0.19230027623590207,0.997,71793.0
2008,clt,0.16908573607741087,1.293661063858937,-0.4360844819518797,0.11561847671420618,66378.0,-1.006146861706016,1.05,-1.2128742912918007,1.06,66549.0
2009,clt,1.409726859826125,1.9461162091095314,-1.3348169675989006,2.386962099906193,66549.0,-1.0648848186611906,1.06,-1.2128742912918007,1.06,66975.0
2010,clt,0.5826327773269823,0.6412059186083425,-1.3348169675989006,0.11561847671420618,66975.0,-1.0106265361383213,1.06,-1.2128742912918007,1.03,64828.0
2011,clt,-1.071555387671303,-1.9686146623940353,1.3613804893421622,-0.6414960643497895,64828.0,-1.0435898215481416,1.03,-1.2128742912918007,1.04,65189.0
2012,clt,-0.24446130517216047,0.9674334912336398,-0.4360844819518797,0.11561847671420618,65189.0,-1.0784322437530107,1.04,-1.2128742912918007,1.05,65950.0
2013,clt,-0.24446130517216047,0.9674334912336398,-1.3348169675989006,0.8727330177782018,65950.0,-1.0611790495329243,1.05,-1.2128742912918007,1.04,65375.0
2014,clt,1.409726859826125,0.9674334912336398,-1.3348169675989006,1.6298475588421972,65375.0,-1.054286426259762,1.04,-1.2128742912918007,1.05,66047.0
2015,clt,-0.24446130517216047,-0.011249226642251867,-0.4360844819518797,-0.6414960643497895,66047.0,-1.0487068013572005,1.05,-1.2128742912918007,1.04,65549.0
2016,clt,-0.6580083464217318,-0.011249226642251867,0.4626480036951412,-0.6414960643497895,65549.0,-1.0316984034434968,1.04,-1.2128742912918007,1.01,63440.0
2017,clt,-0.6580083464217318,-1.3161595171434408,0.4626480036951412,-0.6414960643497895,63440.0,-1.0608607825079241,1.01,-1.2128742912918007,0.94,59199.0
2018,clt,-0.24446130517216047,0.6412059186083425,-0.4360844819518797,0.8727330177782018,59199.0,-1.0384792295640546,0.94,-1.2128742912918007,0.97,61110.0
2006,jax,-0.6580083464217318,-0.011249226642251867,0.4626480036951412,-0.6414960643497895,66858.0,-0.5145988457165572,1.0,-0.19230027623590207,0.97,65301.0
2007,jax,-1.071555387671303,0.9674334912336398,-0.4360844819518797,0.8727330177782018,65301.0,-0.4521412362076456,0.97,-0.19230027623590207,0.97,65167.0
2008,jax,-1.4851024289208745,-0.9899319445181435,1.3613804893421622,-0.6414960643497895,65167.0,-0.47079194636095273,0.97,-0.19230027623590207,0.74,49651.0
2009,jax,-0.6580083464217318,-0.3374767992675491,1.3613804893421622,-0.6414960643497895,49651.0,-0.48247403195616895,0.74,-0.19230027623590207,0.94,63032.0
2010,jax,-0.24446130517216047,-0.011249226642251867,-0.4360844819518797,-0.6414960643497895,63032.0,-0.4879590099936448,0.94,-0.19230027623590207,0.93,62331.0
2011,jax,-0.6580083464217318,-0.9899319445181435,0.4626480036951412,-0.6414960643497895,62331.0,-0.4923789984594328,0.93,-0.19230027623590207,0.97,64984.0
2012,jax,-1.4851024289208745,-1.9686146623940353,1.3613804893421622,-0.6414960643497895,64984.0,-0.4962626923165845,0.97,-0.19230027623590207,0.89,59940.0
2013,jax,-1.071555387671303,-1.3161595171434408,0.4626480036951412,-0.6414960643497895,59940.0,-0.44840202373267285,0.89,-0.19230027623590207,0.94,62961.0
2014,jax,-1.4851024289208745,-1.642387089768738,0.4626480036951412,-0.6414960643497895,62961.0,-0.49815648862383083,0.94,-0.19230027623590207,0.92,61463.0
2015,jax,-1.071555387671303,-0.9899319445181435,0.4626480036951412,-0.6414960643497895,61463.0,-0.5214021188754311,0.92,-0.19230027623590207,0.92,61915.0
2016,jax,-1.4851024289208745,-1.642387089768738,1.3613804893421622,-0.6414960643497895,61915.0,-0.45507167306414903,0.92,-0.19230027623590207,0.96,64303.0
2017,jax,0.9961798185765536,0.6412059186083425,-1.3348169675989006,1.6298475588421972,64303.0,-0.49781836800023344,0.96,-0.19230027623590207,0.98,66674.0
2018,jax,-0.6580083464217318,-0.9899319445181435,1.3613804893421622,-0.6414960643497895,66674.0,-0.3557347326128913,0.98,-0.19230027623590207,0.93,63085.0
2006,kan,0.16908573607741087,0.31497834598304536,-0.4360844819518797,0.11561847671420618,77909.0,1.1920455500189082,0.98,-0.19230027623590207,0.97,76777.0
2007,kan,-0.6580083464217318,-1.3161595171434408,0.4626480036951412,-0.6414960643497895,76777.0,1.145138985578367,0.97,-0.19230027623590207,0.97,74077.0
2008,kan,-0.6580083464217318,-1.9686146623940353,1.3613804893421622,-0.6414960643497895,74077.0,0.7693410944296879,0.97,-0.19230027623590207,0.88,67514.0
2009,kan,-1.4851024289208745,-1.3161595171434408,1.3613804893421622,-0.6414960643497895,67514.0,0.8169200176684698,0.88,-0.19230027623590207,0.88,67672.0
2010,kan,0.5826327773269823,0.6412059186083425,-1.3348169675989006,0.11561847671420618,67672.0,0.8411602469603245,0.88,-0.19230027623590207,0.94,72082.0
2011,kan,-0.6580083464217318,-0.3374767992675491,1.3613804893421622,-0.6414960643497895,72082.0,0.8118604492059908,0.94,-0.19230027623590207,0.89,68508.0
2012,kan,0.9961798185765536,-1.9686146623940353,1.3613804893421622,-0.6414960643497895,68508.0,0.8513238362011699,0.89,-0.19230027623590207,0.98,75359.0
2013,kan,2.650367983574839,0.9674334912336398,-0.4360844819518797,0.11561847671420618,75359.0,0.8407469544950007,0.98,-0.19230027623590207,0.98,74967.0
2014,kan,0.16908573607741087,0.31497834598304536,-0.4360844819518797,-0.6414960643497895,74967.0,0.7867434056928942,0.98,-0.19230027623590207,0.97,74086.0
2015,kan,0.9961798185765536,0.9674334912336398,-0.4360844819518797,0.8727330177782018,74086.0,0.7705937540668524,0.97,-0.19230027623590207,0.96,73328.0
2016,kan,1.409726859826125,1.293661063858937,-1.3348169675989006,0.8727330177782018,73328.0,0.7714056630909384,0.96,-0.19230027623590207,0.97,74106.0
2017,kan,0.16908573607741087,0.6412059186083425,-1.3348169675989006,0.11561847671420618,74106.0,0.7733774421494345,0.97,-0.19230027623590207,0.99,75972.0
2018,kan,0.9961798185765536,1.293661063858937,-1.3348169675989006,1.6298475588421972,75972.0,0.8194770038806904,0.99,-0.19230027623590207,0.961,73465.0
2006,sdg,3.0639150248244102,1.9461162091095314,-1.3348169675989006,0.8727330177782018,66378.0,0.09512735100864389,0.93,2.359134761403844,0.92,65502.0
2007,sdg,2.236820942325268,0.9674334912336398,-1.3348169675989006,1.6298475588421972,65502.0,0.07131617898246925,0.92,2.359134761403844,0.96,68138.0
2008,sdg,-0.6580083464217318,-0.011249226642251867,-1.3348169675989006,0.8727330177782018,68138.0,0.04151394881246873,0.96,2.359134761403844,0.95,67543.0
2009,sdg,0.9961798185765536,1.6198886364842342,-1.3348169675989006,0.8727330177782018,67543.0,0.05782456012555997,0.95,2.359134761403844,0.92,65530.0
2010,sdg,0.16908573607741087,0.31497834598304536,-0.4360844819518797,-0.6414960643497895,65530.0,0.07542514465219773,0.92,2.359134761403844,0.92,65392.0
2011,sdg,0.5826327773269823,-0.011249226642251867,-0.4360844819518797,-0.6414960643497895,65392.0,0.055173813851407814,0.92,2.359134761403844,0.84,59964.0
2012,sdg,-1.4851024289208745,-0.3374767992675491,-0.4360844819518797,-0.6414960643497895,59964.0,0.09668275275985795,0.84,2.359134761403844,0.9,64205.0
2013,sdg,-0.6580083464217318,0.31497834598304536,0.4626480036951412,0.8727330177782018,64205.0,0.09036090875326182,0.9,2.359134761403844,0.92,65432.0
2014,sdg,-0.6580083464217318,0.31497834598304536,-0.4360844819518797,-0.6414960643497895,65432.0,0.061043764808154925,0.92,2.359134761403844,0.95,66772.0
2015,sdg,-1.071555387671303,-1.3161595171434408,1.3613804893421622,-0.6414960643497895,66772.0,-0.05174579810187061,0.95,2.359134761403844,0.8,57024.0
2018,sdg,1.409726859826125,1.293661063858937,-0.4360844819518797,0.8727330177782018,32768.0,-5.884847863245827,1.21,2.359134761403844,1.18,31750.0
2006,ram,-0.24446130517216047,-0.011249226642251867,-0.4360844819518797,-0.6414960643497895,65326.0,-0.7214324376286249,1.0,2.359134761403844,0.98,64294.0
2007,ram,-1.071555387671303,-1.642387089768738,1.3613804893421622,-0.6414960643497895,64294.0,-0.6836134217685382,0.98,2.359134761403844,0.92,59980.0
2008,ram,-1.4851024289208745,-1.9686146623940353,1.3613804893421622,-0.6414960643497895,59980.0,-0.7390305505969639,0.92,2.359134761403844,0.85,55237.0
2009,ram,-1.071555387671303,-2.2948422350193325,1.3613804893421622,-0.6414960643497895,55237.0,-0.7675101714741874,0.85,2.359134761403844,0.81,52922.0
2010,ram,-1.071555387671303,-0.3374767992675491,-0.4360844819518797,-0.6414960643497895,52922.0,-0.720109017327734,0.81,2.359134761403844,0.86,56394.0
2011,ram,-1.4851024289208745,-1.9686146623940353,1.3613804893421622,-0.6414960643497895,56394.0,-0.6878937220295496,0.86,2.359134761403844,0.87,56703.0
2012,ram,-1.4851024289208745,-0.17436301295490048,0.4626480036951412,-0.6414960643497895,56703.0,-0.7417023903427952,0.87,2.359134761403844,0.87,56957.0
2013,ram,-0.6580083464217318,-0.3374767992675491,1.3613804893421622,-0.6414960643497895,56957.0,-0.702286007021718,0.87,2.359134761403844,0.87,57018.0
2014,ram,-0.6580083464217318,-0.6637043718928463,1.3613804893421622,-0.6414960643497895,57018.0,-0.6928198677201991,0.87,2.359134761403844,0.8,52402.0
2015,ram,-0.24446130517216047,-0.3374767992675491,0.4626480036951412,-0.6414960643497895,52402.0,-0.6976033717196953,0.8,2.359134761403844,0.9,74121.0
2016,ram,-0.24446130517216047,-1.3161595171434408,0.4626480036951412,-0.6414960643497895,74121.0,1.5778586585357288,0.9,2.359134761403844,0.68,63392.0
2017,ram,1.8232739010756962,0.9674334912336398,-1.3348169675989006,0.11561847671420618,63392.0,3.0449815399874627,0.68,2.359134761403844,0.77,72429.0
2018,ram,0.16908573607741087,1.6198886364842342,-1.3348169675989006,2.386962099906193,72429.0,3.158403431923437,0.77,2.359134761403844,0.928,71229.0
2008,mia,-0.24446130517216047,0.9674334912336398,-1.3348169675989006,0.11561847671420618,65489.0,0.6217320342988912,0.87,1.3385607463479456,0.9,67542.0
2009,mia,-0.24446130517216047,-0.3374767992675491,0.4626480036951412,-0.6414960643497895,67542.0,0.590943804177234,0.9,1.3385607463479456,0.9,67744.0
2010,mia,0.16908573607741087,-0.3374767992675491,0.4626480036951412,-0.6414960643497895,67744.0,0.6212457954495242,0.9,1.3385607463479456,0.81,60886.0
2011,mia,-0.24446130517216047,-0.6637043718928463,0.4626480036951412,-0.6414960643497895,60886.0,0.6073115464376238,0.81,1.3385607463479456,0.76,57379.0
2012,mia,0.16908573607741087,-0.3374767992675491,-0.4360844819518797,-0.6414960643497895,57379.0,0.651970182900316,0.76,1.3385607463479456,0.86,64319.0
2013,mia,0.16908573607741087,-0.011249226642251867,0.4626480036951412,-0.6414960643497895,64319.0,0.5562287322050248,0.86,1.3385607463479456,0.93,70035.0
2014,mia,-0.24446130517216047,-0.011249226642251867,0.4626480036951412,-0.6414960643497895,70035.0,0.6260170767325781,0.93,1.3385607463479456,1.03,67193.0
2015,mia,0.5826327773269823,-0.6637043718928463,1.3613804893421622,-0.6414960643497895,67193.0,-0.7335937222350792,1.03,1.3385607463479456,1.0,65512.0
2016,mia,0.16908573607741087,0.6412059186083425,-0.4360844819518797,0.11561847671420618,65512.0,-0.6963207874356453,1.0,1.3385607463479456,1.04,67627.0
2017,mia,-0.6580083464217318,-0.6637043718928463,0.4626480036951412,-0.6414960643497895,67627.0,-0.7619402918791288,1.04,1.3385607463479456,1.01,65560.0
2018,mia,-1.071555387671303,-0.3374767992675491,-0.4360844819518797,-0.6414960643497895,65560.0,-0.7774758234473643,1.01,1.3385607463479456,0.974,63067.0
2008,min,0.9961798185765536,0.6412059186083425,-1.3348169675989006,0.11561847671420618,63267.0,-0.9131368535202223,0.99,-1.2128742912918007,1.0,63775.0
2009,min,2.650367983574839,1.293661063858937,-1.3348169675989006,1.6298475588421972,63775.0,-0.9308311981087924,1.0,-1.2128742912918007,0.94,58751.0
2010,min,0.16908573607741087,-0.6637043718928463,1.3613804893421622,-0.6414960643497895,58751.0,-1.1028238834559265,0.94,-1.2128742912918007,0.98,62816.0
2011,min,-0.6580083464217318,-1.642387089768738,1.3613804893421622,-0.6414960643497895,62816.0,-0.8872288430172949,0.98,-1.2128742912918007,0.95,60725.0
2012,min,1.409726859826125,0.6412059186083425,-0.4360844819518797,0.11561847671420618,60725.0,-0.9111127970659153,0.95,-1.2128742912918007,1.0,64019.0
2013,min,-0.6580083464217318,-0.8268181582054949,1.3613804893421622,-0.6414960643497895,64019.0,-0.8978890333395075,1.0,-1.2128742912918007,1.05,52238.0
2014,min,-1.4851024289208745,-0.3374767992675491,0.4626480036951412,-0.6414960643497895,52238.0,-2.8242663380435986,1.05,-1.2128742912918007,1.0,52430.0
2015,min,0.5826327773269823,0.9674334912336398,-1.3348169675989006,0.11561847671420618,52430.0,-2.462506851008536,1.0,-1.2128742912918007,1.0,66786.0
2016,min,0.9961798185765536,-0.011249226642251867,0.4626480036951412,-0.6414960643497895,66786.0,-0.5243194845009364,1.0,-1.2128742912918007,0.91,66721.0
2017,min,1.409726859826125,1.6198886364842342,-1.3348169675989006,1.6298475588421972,66721.0,0.35779881290191085,0.91,-1.2128742912918007,1.0,66811.0
2018,min,0.16908573607741087,0.15186455967039675,-0.4360844819518797,-0.6414960643497895,66811.0,-0.5209442627008047,1.0,-1.2128742912918007,1.003,66849.0
2006,nwe,-0.6580083464217318,1.293661063858937,-1.3348169675989006,1.6298475588421972,68756.0,-0.350259630448524,1.01,0.8282737388199964,1.01,68756.0
2007,nwe,1.8232739010756962,2.598571354360126,-1.3348169675989006,2.386962099906193,68756.0,-0.350259630448524,1.01,0.8282737388199964,1.0,68756.0
2008,nwe,-0.6580083464217318,0.9674334912336398,-0.4360844819518797,-0.6414960643497895,68756.0,-0.25835200665056224,1.0,0.8282737388199964,1.0,68756.0
2009,nwe,0.5826327773269823,0.6412059186083425,-1.3348169675989006,0.11561847671420618,68756.0,-0.25835200665056224,1.0,0.8282737388199964,1.0,68756.0
2010,nwe,1.8232739010756962,1.9461162091095314,-1.3348169675989006,0.8727330177782018,68756.0,-0.25835200665056224,1.0,0.8282737388199964,1.0,68756.0
2011,nwe,1.8232739010756962,1.6198886364842342,-1.3348169675989006,2.386962099906193,68756.0,-0.25835200665056224,1.0,0.8282737388199964,1.0,68755.0
2012,nwe,1.409726859826125,1.293661063858937,-1.3348169675989006,1.6298475588421972,68755.0,-0.25848701552256753,1.0,0.8282737388199964,1.0,68756.0
2013,nwe,0.5826327773269823,1.293661063858937,-1.3348169675989006,1.6298475588421972,68756.0,-0.25835200665056224,1.0,0.8282737388199964,1.0,68756.0
2014,nwe,0.5826327773269823,1.293661063858937,-1.3348169675989006,3.1440766409701886,68756.0,-0.25835200665056224,1.0,0.8282737388199964,0.97,66829.0
2015,nwe,1.409726859826125,1.293661063858937,-1.3348169675989006,1.6298475588421972,66829.0,-0.23946746669831998,0.97,0.8282737388199964,0.97,66829.0
2016,nwe,0.16908573607741087,1.9461162091095314,-1.3348169675989006,3.1440766409701886,66829.0,-0.23946746669831998,0.97,0.8282737388199964,1.0,65878.0
2017,nwe,0.16908573607741087,1.6198886364842342,-1.3348169675989006,2.386962099906193,65878.0,-0.6469075402817179,1.0,0.8282737388199964,1.0,65878.0
2018,nwe,-0.6580083464217318,0.9674334912336398,-1.3348169675989006,3.1440766409701886,65878.0,-0.6469075402817179,1.0,0.8282737388199964,0.998,65753.0
2006,nor,-0.24446130517216047,0.6412059186083425,-1.3348169675989006,1.6298475588421972,68808.0,0.3416274205408401,0.94,-0.19230027623590207,0.96,70004.0
2007,nor,-1.4851024289208745,-0.3374767992675491,0.4626480036951412,-0.6414960643497895,70004.0,0.30393744377270465,0.96,-0.19230027623590207,0.96,70092.0
2008,nor,-0.6580083464217318,-0.011249226642251867,1.3613804893421622,-0.6414960643497895,70092.0,0.3163132570398527,0.96,-0.19230027623590207,0.96,70105.0
2009,nor,1.409726859826125,1.6198886364842342,-1.3348169675989006,3.1440766409701886,70105.0,0.3181415021815933,0.96,-0.19230027623590207,0.96,70038.0
2010,nor,0.5826327773269823,0.9674334912336398,-0.4360844819518797,0.11561847671420618,70038.0,0.3087190079895565,0.96,-0.19230027623590207,1.0,73042.0
2011,nor,0.5826327773269823,1.6198886364842342,-1.3348169675989006,0.8727330177782018,73042.0,0.32029601876400804,1.0,-0.19230027623590207,1.0,72888.0
2012,nor,0.16908573607741087,-0.3374767992675491,0.4626480036951412,-0.6414960643497895,72888.0,0.2995046524751971,1.0,-0.19230027623590207,1.0,72901.0
2013,nor,0.5826327773269823,0.9674334912336398,-0.4360844819518797,0.8727330177782018,72901.0,0.30125976781126557,1.0,-0.19230027623590207,1.0,73112.0
2014,nor,0.16908573607741087,-0.3374767992675491,-0.4360844819518797,-0.6414960643497895,73112.0,0.3297466398043767,1.0,-0.19230027623590207,0.96,73038.0
2015,nor,-1.071555387671303,-0.3374767992675491,0.4626480036951412,-0.6414960643497895,73038.0,0.730621733006013,0.96,-0.19230027623590207,1.0,73109.0
2016,nor,-1.071555387671303,-0.3374767992675491,0.4626480036951412,-0.6414960643497895,73109.0,0.32934161318836086,1.0,-0.19230027623590207,0.96,73139.0
2017,nor,1.409726859826125,0.9674334912336398,-1.3348169675989006,0.8727330177782018,73139.0,0.7448257914149016,0.96,-0.19230027623590207,1.0,73051.0
2018,nor,1.8232739010756962,1.6198886364842342,-1.3348169675989006,1.6298475588421972,73051.0,0.32151109861205546,1.0,-0.19230027623590207,1.001,73082.0
2006,nyg,-0.24446130517216047,-0.011249226642251867,0.4626480036951412,0.11561847671420618,78613.0,1.0724304447053452,1.0,-0.19230027623590207,1.0,78731.0
2007,nyg,-1.071555387671303,0.6412059186083425,-0.4360844819518797,3.1440766409701886,78731.0,1.0883614916019666,1.0,-0.19230027623590207,0.96,79069.0
2008,nyg,1.409726859826125,1.293661063858937,-1.3348169675989006,0.8727330177782018,79069.0,1.5787868445307651,0.96,-0.19230027623590207,0.98,78701.0
2009,nyg,0.16908573607741087,-0.011249226642251867,0.4626480036951412,-0.6414960643497895,78701.0,1.3011547608639806,0.98,-0.19230027623590207,0.96,79019.0
2010,nyg,0.5826327773269823,0.6412059186083425,-0.4360844819518797,-0.6414960643497895,79019.0,1.5717551324471561,0.96,-0.19230027623590207,0.96,79475.0
2011,nyg,-0.6580083464217318,0.31497834598304536,-1.3348169675989006,3.1440766409701886,79475.0,1.6358843466496575,0.96,-0.19230027623590207,0.98,80495.0
2012,nyg,0.16908573607741087,0.31497834598304536,-0.4360844819518797,-0.6414960643497895,80495.0,1.548303655126682,0.98,-0.19230027623590207,0.97,80148.0
2013,nyg,-1.071555387671303,-0.3374767992675491,0.4626480036951412,-0.6414960643497895,80148.0,1.614329611897698,0.97,-0.19230027623590207,0.96,78967.0
2014,nyg,-1.071555387671303,-0.6637043718928463,0.4626480036951412,-0.6414960643497895,78967.0,1.5644421518802056,0.96,-0.19230027623590207,0.96,79001.0
2015,nyg,0.16908573607741087,-0.6637043718928463,0.4626480036951412,-0.6414960643497895,79001.0,1.5692237160970575,0.96,-0.19230027623590207,0.96,78789.0
2016,nyg,0.16908573607741087,0.9674334912336398,-0.4360844819518797,0.11561847671420618,78789.0,1.53940925686256,0.96,-0.19230027623590207,0.94,77179.0
2017,nyg,-1.071555387671303,-1.642387089768738,1.3613804893421622,-0.6414960643497895,77179.0,1.5439245136856095,0.94,-0.19230027623590207,0.93,76940.0
2018,nyg,0.5826327773269823,-0.9899319445181435,1.3613804893421622,-0.6414960643497895,76940.0,1.6284216586641487,0.93,-0.19230027623590207,0.905,74664.0
2006,nyj,-1.071555387671303,0.6412059186083425,-0.4360844819518797,0.11561847671420618,77321.0,1.1110402268157487,0.98,-0.19230027623590207,0.98,77106.0
2007,nyj,-1.4851024289208745,-1.3161595171434408,0.4626480036951412,-0.6414960643497895,77106.0,1.0814209334676546,0.98,-0.19230027623590207,0.95,78482.0
2008,nyj,1.409726859826125,0.31497834598304536,0.4626480036951412,-0.6414960643497895,78482.0,1.6124161926156715,0.95,-0.19230027623590207,0.96,77052.0
2009,nyj,0.5826327773269823,0.31497834598304536,-0.4360844819518797,1.6298475588421972,77052.0,1.2951275790780317,0.96,-0.19230027623590207,0.95,78596.0
2010,nyj,-0.24446130517216047,0.9674334912336398,-0.4360844819518797,1.6298475588421972,78596.0,1.6286172572563034,0.95,-0.19230027623590207,0.96,78986.0
2011,nyj,0.16908573607741087,-0.011249226642251867,-0.4360844819518797,-0.6414960643497895,78986.0,1.567114202471975,0.96,-0.19230027623590207,0.96,79088.0
2012,nyj,-0.6580083464217318,-0.6637043718928463,0.4626480036951412,-0.6414960643497895,79088.0,1.5814588951225346,0.96,-0.19230027623590207,0.93,76957.0
2013,nyj,-0.6580083464217318,-0.011249226642251867,-0.4360844819518797,-0.6414960643497895,76957.0,1.630889562776073,0.93,-0.19230027623590207,0.95,78160.0
2014,nyj,-0.6580083464217318,-1.3161595171434408,1.3613804893421622,-0.6414960643497895,78160.0,1.5666552907359936,0.95,-0.19230027623590207,0.95,78160.0
2015,nyj,0.5826327773269823,0.6412059186083425,-0.4360844819518797,-0.6414960643497895,78160.0,1.5666552907359936,0.95,-0.19230027623590207,0.95,78160.0
2016,nyj,-1.071555387671303,-0.9899319445181435,1.3613804893421622,-0.6414960643497895,78160.0,1.5666552907359936,0.95,-0.19230027623590207,0.94,77562.0
2017,nyj,-1.4851024289208745,-0.9899319445181435,1.3613804893421622,-0.6414960643497895,77562.0,1.5989334477047759,0.94,-0.19230027623590207,0.95,77982.0
2018,nyj,-0.24446130517216047,-1.3161595171434408,1.3613804893421622,-0.6414960643497895,77982.0,1.541358891560269,0.95,-0.19230027623590207,0.952,78523.0
2008,rai,-0.6580083464217318,-0.9899319445181435,0.4626480036951412,-0.6414960643497895,57850.0,-1.051605439043939,0.92,1.848847753875895,0.7,44284.0
2009,rai,-0.24446130517216047,-0.9899319445181435,0.4626480036951412,-0.6414960643497895,44284.0,-0.9999750275572035,0.7,1.848847753875895,0.74,46431.0
2010,rai,0.16908573607741087,-0.011249226642251867,0.4626480036951412,-0.6414960643497895,46431.0,-1.0699450696007053,0.74,1.848847753875895,0.94,59242.0
2011,rai,0.16908573607741087,-0.011249226642251867,0.4626480036951412,-0.6414960643497895,59242.0,-1.0323032918021116,0.94,1.848847753875895,0.86,54216.0
2012,rai,-1.071555387671303,-1.3161595171434408,0.4626480036951412,-0.6414960643497895,54216.0,-1.0298115397359087,0.86,1.848847753875895,0.8,50444.0
2013,rai,-1.071555387671303,-1.3161595171434408,1.3613804893421622,-0.6414960643497895,50444.0,-1.028037585952584,0.8,1.848847753875895,1.03,57416.0
2014,rai,-1.071555387671303,-1.642387089768738,1.3613804893421622,-0.6414960643497895,57416.0,-2.0151293936870096,1.03,1.848847753875895,0.87,54613.0
2015,rai,0.5826327773269823,-0.3374767992675491,0.4626480036951412,-0.6414960643497895,54613.0,-1.0660340483784343,0.87,1.848847753875895,0.87,54584.0
2016,rai,1.409726859826125,1.293661063858937,-0.4360844819518797,0.11561847671420618,54584.0,-1.0705343441119426,0.87,1.848847753875895,0.92,57775.0
2017,rai,0.5826327773269823,-0.6637043718928463,0.4626480036951412,-0.6414960643497895,57775.0,-1.0626115970878454,0.92,1.848847753875895,1.03,57919.0
2018,rai,-1.071555387671303,-1.3161595171434408,1.3613804893421622,-0.6414960643497895,57919.0,-1.949197876581524,1.03,1.848847753875895,0.938,52549.0
2006,phi,-0.24446130517216047,0.6412059186083425,-1.3348169675989006,0.8727330177782018,69224.0,-0.640208528632696,1.05,-0.19230027623590207,1.03,68169.0
2007,phi,-0.24446130517216047,-0.011249226642251867,1.3613804893421622,-0.6414960643497895,68169.0,-0.6056629852669813,1.03,-0.19230027623590207,1.02,69144.0
2008,phi,-0.6580083464217318,0.478092132295694,-0.4360844819518797,1.6298475588421972,69144.0,-0.3890088279582463,1.02,-0.19230027623590207,1.02,69144.0
2009,phi,2.236820942325268,0.9674334912336398,-0.4360844819518797,0.11561847671420618,69144.0,-0.3890088279582463,1.02,-0.19230027623590207,1.02,69144.0
2010,phi,0.5826327773269823,0.6412059186083425,-1.3348169675989006,0.11561847671420618,69144.0,-0.3890088279582463,1.02,-0.19230027623590207,1.02,69144.0
2011,phi,-0.24446130517216047,-0.011249226642251867,-0.4360844819518797,-0.6414960643497895,69144.0,-0.3890088279582463,1.02,-0.19230027623590207,1.02,69144.0
2012,phi,-1.4851024289208745,-1.3161595171434408,1.3613804893421622,-0.6414960643497895,69144.0,-0.3890088279582463,1.02,-0.19230027623590207,1.02,69144.0
2013,phi,0.5826327773269823,0.6412059186083425,-1.3348169675989006,0.11561847671420618,69144.0,-0.3890088279582463,1.02,-0.19230027623590207,1.03,69596.0
2014,phi,1.8232739010756962,0.6412059186083425,-0.4360844819518797,-0.6414960643497895,69596.0,-0.4186167130810474,1.03,-0.19230027623590207,1.03,69483.0
2015,phi,0.16908573607741087,-0.3374767992675491,-0.4360844819518797,-0.6414960643497895,69483.0,-0.43342836602919715,1.03,-0.19230027623590207,1.03,69596.0
2016,phi,0.16908573607741087,-0.3374767992675491,1.3613804893421622,-0.6414960643497895,69596.0,-0.4186167130810474,1.03,-0.19230027623590207,1.0,69596.0
2017,phi,0.9961798185765536,1.6198886364842342,-1.3348169675989006,3.1440766409701886,69596.0,-0.14494455416613877,1.0,-0.19230027623590207,1.0,69696.0
2018,phi,0.5826327773269823,0.31497834598304536,-0.4360844819518797,0.8727330177782018,69696.0,-0.13144366696561216,1.0,-0.19230027623590207,1.001,69783.0
2006,pit,0.16908573607741087,-0.011249226642251867,0.4626480036951412,-0.6414960643497895,62432.0,-0.7609450341688314,0.96,-0.19230027623590207,0.96,62084.0
2007,pit,0.9961798185765536,0.6412059186083425,-1.3348169675989006,0.11561847671420618,62084.0,-0.8098857502707403,0.96,-0.19230027623590207,0.97,62890.0
2008,pit,-0.24446130517216047,1.293661063858937,-1.3348169675989006,3.1440766409701886,62890.0,-0.7877148345630037,0.97,-0.19230027623590207,0.98,63485.0
2009,pit,0.16908573607741087,0.31497834598304536,0.4626480036951412,-0.6414960643497895,63485.0,-0.7950646232504357,0.98,-0.19230027623590207,0.97,63083.0
2010,pit,0.16908573607741087,1.293661063858937,-1.3348169675989006,2.386962099906193,63083.0,-0.76085224456608,0.97,-0.19230027623590207,0.97,63034.0
2011,pit,1.409726859826125,1.293661063858937,-0.4360844819518797,0.11561847671420618,63034.0,-0.7676722803684076,0.97,-0.19230027623590207,0.94,61141.0
2012,pit,-0.6580083464217318,-0.011249226642251867,0.4626480036951412,-0.6414960643497895,61141.0,-0.759556645059558,0.94,-0.19230027623590207,0.88,57311.0
2013,pit,-0.6580083464217318,-0.011249226642251867,-0.4360844819518797,-0.6414960643497895,57311.0,-0.7484158017289495,0.88,-0.19230027623590207,0.96,62226.0
2014,pit,0.5826327773269823,0.9674334912336398,-1.3348169675989006,0.11561847671420618,62226.0,-0.789915687953296,0.96,-0.19230027623590207,0.98,64356.0
2015,pit,-0.24446130517216047,0.6412059186083425,-0.4360844819518797,0.8727330177782018,64356.0,-0.6750720441518777,0.98,-0.19230027623590207,0.99,64312.0
2016,pit,0.9961798185765536,0.9674334912336398,-1.3348169675989006,1.6298475588421972,64312.0,-0.7706274886257759,0.99,-0.19230027623590207,0.91,62471.0
2017,pit,2.650367983574839,1.6198886364842342,-1.3348169675989006,0.8727330177782018,62471.0,-0.27273712778202536,0.91,-0.19230027623590207,0.93,63456.0
2018,pit,1.8232739010756962,0.478092132295694,-0.4360844819518797,-0.6414960643497895,63456.0,-0.32906181458209555,0.93,-0.19230027623590207,0.91,62237.0
2006,sfo,-0.24446130517216047,-0.3374767992675491,0.4626480036951412,-0.6414960643497895,68150.0,-0.05560486884372602,0.97,-1.7231612988197498,0.97,68028.0
2007,sfo,-0.6580083464217318,-0.9899319445181435,0.4626480036951412,-0.6414960643497895,68028.0,-0.07258536614748115,0.97,-1.7231612988197498,0.96,67512.0
2008,sfo,-1.071555387671303,-0.3374767992675491,-0.4360844819518797,-0.6414960643497895,67512.0,-0.04652308647429982,0.96,-1.7231612988197498,0.99,69732.0
2009,sfo,0.5826327773269823,-0.011249226642251867,-0.4360844819518797,-0.6414960643497895,69732.0,-0.031488007546443146,0.99,-1.7231612988197498,0.99,69732.0
2010,sfo,-0.6580083464217318,-0.6637043718928463,0.4626480036951412,-0.6414960643497895,69732.0,-0.031488007546443146,0.99,-1.7231612988197498,0.99,69732.0
2011,sfo,2.236820942325268,1.6198886364842342,-1.3348169675989006,1.6298475588421972,69732.0,-0.031488007546443146,0.99,-1.7231612988197498,0.99,69732.0
2012,sfo,2.236820942325268,1.1305472775462884,-1.3348169675989006,2.386962099906193,69732.0,-0.031488007546443146,0.99,-1.7231612988197498,0.99,69732.0
2013,sfo,2.236820942325268,1.293661063858937,-0.4360844819518797,1.6298475588421972,69732.0,-0.031488007546443146,0.99,-1.7231612988197498,1.03,70774.0
2014,sfo,-0.24446130517216047,-0.011249226642251867,0.4626480036951412,-0.6414960643497895,70774.0,-0.2642085080109467,1.03,-1.7231612988197498,1.03,70799.0
2015,sfo,-0.6580083464217318,-0.9899319445181435,1.3613804893421622,-0.6414960643497895,70799.0,-0.2609315936418869,1.03,-1.7231612988197498,1.02,70178.0
2016,sfo,-1.4851024289208745,-1.9686146623940353,1.3613804893421622,-0.6414960643497895,70178.0,-0.2521468930038896,1.02,-1.7231612988197498,1.02,70144.0
2017,sfo,-0.6580083464217318,-0.6637043718928463,1.3613804893421622,-0.6414960643497895,70144.0,-0.2566471887373978,1.02,-1.7231612988197498,1.01,69148.0
2018,sfo,-0.24446130517216047,-1.3161595171434408,0.4626480036951412,-0.6414960643497895,69148.0,-0.2978601474524193,1.01,-1.7231612988197498,1.026,70305.0
2006,sea,0.16908573607741087,0.31497834598304536,-1.3348169675989006,0.8727330177782018,67977.0,-0.5434748609289775,1.02,-0.7025872837638514,1.02,68193.0
2007,sea,0.9961798185765536,0.6412059186083425,-1.3348169675989006,0.8727330177782018,68193.0,-0.5148847468572745,1.02,-0.7025872837638514,1.02,67995.0
2008,sea,-0.6580083464217318,-1.3161595171434408,0.4626480036951412,-0.6414960643497895,67995.0,-0.5410923514230028,1.02,-0.7025872837638514,1.01,67392.0
2009,sea,-1.4851024289208745,-0.9899319445181435,0.4626480036951412,-0.6414960643497895,67392.0,-0.5325884437308821,1.01,-0.7025872837638514,1.0,66992.0
2010,sea,-1.4851024289208745,-0.3374767992675491,-1.3348169675989006,0.8727330177782018,66992.0,-0.4965076568678516,1.0,-0.7025872837638514,0.99,66413.0
2011,sea,0.5826327773269823,-0.3374767992675491,0.4626480036951412,-0.6414960643497895,66413.0,-0.48410866025904403,0.99,-0.7025872837638514,1.01,67946.0
2012,sea,0.9961798185765536,0.9674334912336398,-0.4360844819518797,0.8727330177782018,67946.0,-0.45853407235373644,1.01,-0.7025872837638514,1.02,68197.0
2013,sea,0.9961798185765536,1.6198886364842342,-1.3348169675989006,3.1440766409701886,68197.0,-0.5143553003003906,1.02,-0.7025872837638514,1.0,68412.0
2014,sea,0.5826327773269823,1.293661063858937,-1.3348169675989006,2.386962099906193,68412.0,-0.30479505862037376,1.0,-0.7025872837638514,1.03,69020.0
2015,sea,1.409726859826125,0.6412059186083425,-0.4360844819518797,0.8727330177782018,69020.0,-0.49411682014418634,1.03,-0.7025872837638514,1.03,69073.0
2016,sea,1.409726859826125,0.8043197049209911,-1.3348169675989006,0.8727330177782018,69073.0,-0.48716976168178133,1.03,-0.7025872837638514,1.03,68976.0
2017,sea,0.9961798185765536,0.31497834598304536,-0.4360844819518797,-0.6414960643497895,68976.0,-0.49988418943373125,1.03,-0.7025872837638514,1.0,69001.0
2018,sea,-0.24446130517216047,0.6412059186083425,-0.4360844819518797,0.11561847671420618,69001.0,-0.2252748330092721,1.0,-0.7025872837638514,1.004,68990.0
2006,tam,-0.24446130517216047,-1.3161595171434408,1.3613804893421622,-0.6414960643497895,65582.0,-0.6868701663952768,1.0,-0.19230027623590207,1.0,65316.0
2007,tam,-1.071555387671303,0.31497834598304536,-1.3348169675989006,0.11561847671420618,65316.0,-0.7227825263486775,1.0,-0.19230027623590207,0.98,64511.0
2008,tam,0.16908573607741087,0.31497834598304536,0.4626480036951412,-0.6414960643497895,64511.0,-0.6537186001102262,0.98,-0.19230027623590207,0.96,62991.0
2009,tam,-1.4851024289208745,-1.642387089768738,1.3613804893421622,-0.6414960643497895,62991.0,-0.6823304930740997,0.96,-0.19230027623590207,0.75,49314.0
2010,tam,-1.071555387671303,0.6412059186083425,0.4626480036951412,-0.6414960643497895,49314.0,-0.6639186581543814,0.75,-0.19230027623590207,0.86,56614.0
2011,tam,-1.071555387671303,-1.3161595171434408,1.3613804893421622,-0.6414960643497895,56614.0,-0.6533565687258756,0.86,-0.19230027623590207,0.84,55102.0
2012,tam,-0.24446130517216047,-0.3374767992675491,1.3613804893421622,-0.6414960643497895,55102.0,-0.6847614563944319,0.84,-0.19230027623590207,0.9,58818.0
2013,tam,-0.6580083464217318,-1.3161595171434408,1.3613804893421622,-0.6414960643497895,58818.0,-0.7177421951271492,0.9,-0.19230027623590207,0.91,59659.0
2014,tam,-1.071555387671303,-1.9686146623940353,1.3613804893421622,-0.6414960643497895,59659.0,-0.689929378418078,0.91,-0.19230027623590207,0.94,61560.0
2015,tam,0.5826327773269823,-0.6637043718928463,1.3613804893421622,-0.6414960643497895,61560.0,-0.6993771584955074,0.94,-0.19230027623590207,0.92,60624.0
2016,tam,-0.6580083464217318,0.31497834598304536,-0.4360844819518797,-0.6414960643497895,60624.0,-0.6445243401932776,0.92,-0.19230027623590207,0.91,59952.0
2017,tam,-0.6580083464217318,-0.9899319445181435,1.3613804893421622,-0.6414960643497895,59952.0,-0.6464594888603384,0.91,-0.19230027623590207,0.83,54356.0
2018,tam,-1.071555387671303,-0.9899319445181435,1.3613804893421622,-0.6414960643497895,54356.0,-0.699404845523862,0.83,-0.19230027623590207,0.7909999999999999,51898.0
2006,oti,-1.071555387671303,-0.011249226642251867,-0.4360844819518797,-0.6414960643497895,69143.0,-0.4779944014484115,1.03,-0.19230027623590207,1.03,69143.0
2007,oti,-0.24446130517216047,0.6412059186083425,0.4626480036951412,0.11561847671420618,69143.0,-0.4779944014484115,1.03,-0.19230027623590207,1.0,69143.0
2008,oti,1.8232739010756962,1.6198886364842342,-1.3348169675989006,0.8727330177782018,69143.0,-0.2061035731845243,1.0,-0.19230027623590207,1.0,69143.0
2009,oti,0.16908573607741087,-0.011249226642251867,0.4626480036951412,-0.6414960643497895,69143.0,-0.2061035731845243,1.0,-0.19230027623590207,1.0,69143.0
2010,oti,0.16908573607741087,-0.6637043718928463,1.3613804893421622,-0.6414960643497895,69143.0,-0.2061035731845243,1.0,-0.19230027623590207,1.0,69143.0
2011,oti,-1.4851024289208745,0.31497834598304536,-0.4360844819518797,-0.6414960643497895,69143.0,-0.2061035731845243,1.0,-0.19230027623590207,1.0,69143.0
2012,oti,-1.4851024289208745,-0.6637043718928463,0.4626480036951412,-0.6414960643497895,69143.0,-0.2061035731845243,1.0,-0.19230027623590207,1.0,69143.0
2013,oti,-1.071555387671303,-0.3374767992675491,-0.4360844819518797,-0.6414960643497895,69143.0,-0.2061035731845243,1.0,-0.19230027623590207,1.0,69143.0
2014,oti,-1.4851024289208745,-1.9686146623940353,1.3613804893421622,-0.6414960643497895,69143.0,-0.2061035731845243,1.0,-0.19230027623590207,0.9,62304.0
2015,oti,-0.6580083464217318,-1.642387089768738,1.3613804893421622,-0.6414960643497895,62304.0,-0.1948078308934144,0.9,-0.19230027623590207,0.94,64659.0
2016,oti,0.5826327773269823,0.31497834598304536,-0.4360844819518797,-0.6414960643497895,64659.0,-0.2542787602568683,0.94,-0.19230027623590207,0.95,65651.0
2017,oti,0.9961798185765536,0.31497834598304536,-0.4360844819518797,0.8727330177782018,65651.0,-0.21105626706808456,0.95,-0.19230027623590207,0.93,64520.0
2018,oti,-0.24446130517216047,0.31497834598304536,0.4626480036951412,-0.6414960643497895,64520.0,-0.17460005134166112,0.93,-0.19230027623590207,0.933,64509.0
2006,was,-0.6580083464217318,-0.9899319445181435,1.3613804893421622,-0.6414960643497895,87631.0,1.3130719922264371,1.09,-0.19230027623590207,1.1,88090.0
2007,was,0.16908573607741087,0.31497834598304536,0.4626480036951412,0.11561847671420618,88090.0,1.270733930613443,1.1,-0.19230027623590207,0.97,88604.0
2008,was,0.16908573607741087,-0.011249226642251867,1.3613804893421622,-0.6414960643497895,88604.0,2.791272933213709,0.97,-0.19230027623590207,0.93,84794.0
2009,was,-0.6580083464217318,-1.3161595171434408,1.3613804893421622,-0.6414960643497895,84794.0,2.768593358373139,0.93,-0.19230027623590207,0.91,83172.0
2010,was,-0.24446130517216047,-0.6637043718928463,1.3613804893421622,-0.6414960643497895,83172.0,2.798492168241067,0.91,-0.19230027623590207,0.84,76921.0
2011,was,-1.071555387671303,-0.9899319445181435,1.3613804893421622,-0.6414960643497895,76921.0,2.822093993942352,0.84,-0.19230027623590207,0.87,79654.0
2012,was,0.5826327773269823,0.6412059186083425,-1.3348169675989006,0.11561847671420618,79654.0,2.819893726200719,0.87,-0.19230027623590207,0.84,77220.0
2013,was,-0.24446130517216047,-1.642387089768738,1.3613804893421622,-0.6414960643497895,77220.0,2.870150723382326,0.84,-0.19230027623590207,0.85,77964.0
2014,was,-0.6580083464217318,-1.3161595171434408,1.3613804893421622,-0.6414960643497895,77964.0,2.8423093980125,0.85,-0.19230027623590207,0.9,76209.0
2015,was,-1.071555387671303,0.31497834598304536,-1.3348169675989006,0.11561847671420618,76209.0,1.891079241587946,0.9,-0.19230027623590207,0.96,78304.0
2016,was,0.5826327773269823,0.15186455967039675,0.4626480036951412,-0.6414960643497895,78304.0,1.4712016496515687,0.96,-0.19230027623590207,0.88,75175.0
2017,was,-0.24446130517216047,-0.3374767992675491,0.4626480036951412,-0.6414960643497895,75175.0,1.9922642999779534,0.88,-0.19230027623590207,0.74,61028.0
2018,was,-0.6580083464217318,-0.3374767992675491,0.4626480036951412,-0.6414960643497895,61028.0,1.5931961529139815,0.74,-0.19230027623590207,0.799,65488.0
