year,team,probowler_count,win%,division,playoffs,attendance,capacity,attend%,climate,year 1 attend%,year 1 attendance,predicted,difference
2008,dal,0.9961798185765536,0.3149783459830446,0.4626480036951401,-0.6414960643497905,63368.0,-0.629311383963696,0.96,-0.1923002762359031,1.12,89756.0,64669.45834750936,25086.54165249064
2016,dal,1.4097268598261252,1.619888636484229,-1.3348169675988968,0.8727330177782031,92539.0,1.229310753975465,1.16,-0.1923002762359031,0.93,92721.0,76984.64911445335,15736.35088554665
2014,dal,1.8232739010756964,1.2936610638589332,-1.3348169675988968,0.8727330177782031,90069.0,1.2201409035981174,1.13,-0.1923002762359031,0.92,91459.0,76671.66564156517,14787.334358434833
2013,dal,0.5826327773269824,-0.011249226642251607,-0.4360844819518784,-0.6414960643497905,88043.0,1.2649653697186725,1.1,-0.1923002762359031,1.13,90069.0,75450.6251324837,14618.374867516293
2011,dal,-0.6580083464217319,-0.011249226642251607,0.4626480036951401,-0.6414960643497905,85512.0,1.2485842167780854,1.07,-0.1923002762359031,1.11,88531.0,74690.4129249545,13840.587075045507
2012,dal,-0.2444613051721605,-0.011249226642251607,0.4626480036951401,-0.6414960643497905,88531.0,1.226969383897895,1.11,-0.1923002762359031,1.1,88043.0,74562.00999869005,13480.990001309954
2006,was,-0.6580083464217319,-0.9899319445181402,1.3613804893421588,-0.6414960643497905,87631.0,1.3130719922264378,1.09,-0.1923002762359031,1.1,88090.0,74653.63906582462,13436.360934175376
2015,ram,-0.2444613051721605,-0.3374767992675478,0.4626480036951401,-0.6414960643497905,52402.0,-0.6976033717196943,0.8,2.359134761403861,0.9,74121.0,61594.1127440712,12526.8872559288
2007,was,0.16908573607741093,0.3149783459830446,0.4626480036951401,0.11561847671420634,88090.0,1.2707339306134438,1.1,-0.1923002762359031,0.97,88604.0,76681.81761420866,11922.18238579134
2010,dal,0.9961798185765536,-0.6637043718928439,0.4626480036951401,-0.6414960643497905,87047.0,1.2407369635557257,1.09,-0.1923002762359031,1.07,85512.0,74100.31756235547,11411.68243764453
2006,gnb,-0.6580083464217319,-0.011249226642251607,-0.4360844819518784,-0.6414960643497905,70718.0,-1.3103690701856654,1.16,0.8282737388200024,1.17,70805.0,59644.34749240389,11160.65250759611
2009,dal,2.2368209423252683,0.9674334912336371,-1.3348169675988968,0.8727330177782031,89756.0,1.2784925573488115,1.12,-0.1923002762359031,1.09,87047.0,76726.53852189872,10320.461478101279
2017,gnb,-0.6580083464217319,-0.3374767992675478,0.4626480036951401,-0.6414960643497905,78092.0,0.3123544688537171,1.07,0.8282737388200024,0.96,77834.0,67529.64081244962,10304.359187550377
2007,gnb,0.5826327773269824,1.619888636484229,-1.3348169675988968,1.6298475588421997,70805.0,-1.3706774099601349,1.17,0.8282737388200024,0.97,70682.0,60925.78927188684,9756.210728113161
2015,gnb,0.5826327773269824,0.6412059186083408,-0.4360844819518784,0.8727330177782031,78413.0,0.3528571304552969,1.07,0.8282737388200024,0.96,78215.0,68963.16183718028,9251.838162819724
2015,min,0.5826327773269824,0.9674334912336371,-1.3348169675988968,0.11561847671420634,52430.0,-2.4625068510085346,1.0,-1.2128742912918091,1.0,66786.0,57552.380574154915,9233.619425845085
2013,gnb,-1.071555387671303,0.1518645596703965,-1.3348169675988968,0.11561847671420634,77947.0,0.2940588740492662,1.07,0.8282737388200024,1.07,78139.0,69117.36896523344,9021.631034766557
2014,gnb,1.4097268598261252,1.2936610638589332,-1.3348169675988968,1.6298475588421997,78139.0,0.3182847651006768,1.07,0.8282737388200024,1.07,78413.0,69853.56334886799,8559.436651132011
2012,gnb,0.16908573607741093,0.9674334912336371,-1.3348169675988968,0.8727330177782031,70507.0,0.27245277168865795,0.97,0.8282737388200024,1.07,77947.0,69491.05068201742,8455.94931798258
2006,crd,-0.6580083464217319,-0.9899319445181402,1.3613804893421588,-0.6414960643497905,63603.0,-0.9540527240936972,1.0,1.848847753875908,1.02,64580.0,56444.951364555796,8135.048635444204
2007,rav,0.16908573607741093,-0.9899319445181402,1.3613804893421588,-0.6414960643497905,71153.0,-0.21453048617599801,1.03,-0.1923002762359031,1.0,71269.0,64492.80478469189,6776.195215308107
2013,htx,-0.2444613051721605,-1.9686146623940288,1.3613804893421588,-0.6414960643497905,71658.0,0.03765695030324168,1.01,-0.1923002762359031,1.01,71766.0,65304.45993883255,6461.540061167449
2011,clt,-1.071555387671303,-1.9686146623940288,1.3613804893421588,-0.6414960643497905,64828.0,-1.0435898215481405,1.03,-1.2128742912918091,1.04,65189.0,58852.95855341856,6336.041446581439
2012,phi,-1.4851024289208747,-1.3161595171434366,1.3613804893421588,-0.6414960643497905,69144.0,-0.3890088279582453,1.02,-0.1923002762359031,1.02,69144.0,62859.5881466383,6284.4118533617
2007,nyj,-1.4851024289208747,-1.3161595171434366,0.4626480036951401,-0.6414960643497905,77106.0,1.0814209334676552,0.98,-0.1923002762359031,0.95,78482.0,72334.92375306852,6147.07624693148
2007,nyg,-1.071555387671303,0.6412059186083408,-0.4360844819518784,3.144076640970193,78731.0,1.0883614916019673,1.0,-0.1923002762359031,0.96,79069.0,73232.41074217246,5836.589257827538
2017,den,-0.6580083464217319,-0.9899319445181402,1.3613804893421588,-0.6414960643497905,76355.0,0.7675804117174552,1.0,-0.1923002762359031,1.0,76446.0,70609.86331173536,5836.13668826464
2007,phi,-0.2444613051721605,-0.011249226642251607,1.3613804893421588,-0.6414960643497905,68169.0,-0.6056629852669803,1.03,-0.1923002762359031,1.02,69144.0,63547.913271623656,5596.086728376344
2015,dal,0.5826327773269824,-1.3161595171434366,1.3613804893421588,-0.6414960643497905,91459.0,3.880474103591916,0.92,-0.1923002762359031,1.16,92539.0,87284.55382149687,5254.446178503131
2010,car,-0.2444613051721605,-1.9686146623940288,1.3613804893421588,-0.6414960643497905,72620.0,0.4634109336557962,0.98,-0.1923002762359031,0.98,72292.0,67190.31604448307,5101.683955516928
2016,crd,-0.2444613051721605,-0.1743630129548997,-0.4360844819518784,-0.6414960643497905,64831.0,-0.9598845779177684,1.02,1.848847753875908,0.99,64217.0,59279.6790497519,4937.320950248097
2006,nyg,-0.2444613051721605,-0.011249226642251607,0.4626480036951401,0.11561847671420634,78613.0,1.072430444705346,1.0,-0.1923002762359031,1.0,78731.0,73812.58541709054,4918.414582909463
2010,den,-0.6580083464217319,-1.3161595171434366,1.3613804893421588,-0.6414960643497905,74908.0,0.7786153205415601,0.98,-0.1923002762359031,0.99,75327.0,70417.600700443,4909.399299557001
2007,crd,-0.6580083464217319,-0.011249226642251607,-0.4360844819518784,-0.6414960643497905,64580.0,-0.9931073493622012,1.02,1.848847753875908,1.01,64096.0,59251.756618750514,4844.2433812494855
2010,crd,-0.2444613051721605,-0.9899319445181402,1.3613804893421588,-0.6414960643497905,62774.0,-0.9803685443268846,0.99,1.848847753875908,0.97,61181.0,56341.39114219248,4839.608857807521
2016,phi,0.16908573607741093,-0.3374767992675478,1.3613804893421588,-0.6414960643497905,69596.0,-0.4186167130810464,1.03,-0.1923002762359031,1.0,69596.0,64813.35278979201,4782.647210207993
2017,htx,-0.6580083464217319,-1.3161595171434366,0.4626480036951401,-0.6414960643497905,71774.0,0.05316291976127338,1.01,-0.1923002762359031,1.0,71804.0,67060.42052727236,4743.579472727637
2016,car,0.5826327773269824,-0.6637043718928439,1.3613804893421588,-0.6414960643497905,73792.0,0.4215526727679584,1.0,-0.1923002762359031,1.0,73617.0,68917.84195334412,4699.158046655881
2006,htx,-1.071555387671303,-0.6637043718928439,1.3613804893421588,-0.6414960643497905,70183.0,-0.15950947168464902,1.01,-0.1923002762359031,1.02,70519.0,65822.1148654505,4696.885134549506
2012,crd,-0.2444613051721605,-0.9899319445181402,1.3613804893421588,-0.6414960643497905,60890.0,-0.9778030348272888,0.96,1.848847753875908,0.96,61033.0,56357.12137199135,4675.87862800865
2016,sfo,-1.4851024289208747,-1.9686146623940288,1.3613804893421588,-0.6414960643497905,70178.0,-0.2521468930038886,1.02,-1.723161298819761,1.02,70144.0,65505.89446653164,4638.105533468362
2015,mia,0.5826327773269824,-0.6637043718928439,1.3613804893421588,-0.6414960643497905,67193.0,-0.7335937222350782,1.03,1.338560746347955,1.0,65512.0,60908.10447126585,4603.895528734152
2012,kan,0.9961798185765536,-1.9686146623940288,1.3613804893421588,-0.6414960643497905,68508.0,0.8513238362011706,0.89,-0.1923002762359031,0.98,75359.0,70821.17506300144,4537.824936998557
2018,gnb,-0.6580083464217319,-0.5005905855801959,0.4626480036951401,-0.6414960643497905,77834.0,1.4051035560656566,0.96,0.8282737388200024,0.956,77845.0,73356.73454027837,4488.2654597216315
2018,crd,-1.071555387671303,-1.6423870897687327,1.3613804893421588,-0.6414960643497905,62013.0,-0.7280691895471972,0.95,1.848847753875908,0.943,61323.0,56838.46416697286,4484.535833027141
2007,htx,-1.071555387671303,-0.011249226642251607,1.3613804893421588,-0.6414960643497905,70519.0,-0.20701157402957712,1.02,-0.1923002762359031,0.99,70420.0,66068.08530280871,4351.914697191285
2018,den,0.16908573607741093,-0.6637043718928439,0.4626480036951401,-0.6414960643497905,76446.0,0.7798662190699344,1.0,-0.1923002762359031,0.998,75937.0,71610.79036194911,4326.209638050888
2016,den,0.9961798185765536,0.3149783459830446,0.4626480036951401,-0.6414960643497905,76774.0,0.7215236722625892,1.01,-0.1923002762359031,1.0,76355.0,72028.79170366802,4326.2082963319845
2006,den,-0.2444613051721605,0.3149783459830446,0.4626480036951401,-0.6414960643497905,76347.0,0.7665003407414129,1.0,-0.1923002762359031,1.01,76611.0,72305.7607795088,4305.239220491203
2006,cle,-1.4851024289208747,-1.3161595171434366,1.3613804893421588,-0.6414960643497905,72334.0,0.12801932404141986,1.01,-1.2128742912918091,1.01,73000.0,68702.27547080233,4297.724529197672
2013,atl,-1.071555387671303,-1.3161595171434366,0.4626480036951401,-0.6414960643497905,70224.0,0.03560731066223533,0.99,-0.1923002762359031,0.99,70502.0,66208.39022811882,4293.60977188118
2015,rav,0.16908573607741093,-0.9899319445181402,0.4626480036951401,-0.6414960643497905,71002.0,0.04487791987326623,1.0,-0.1923002762359031,1.0,71102.0,66905.75961035263,4196.24038964737
2017,mia,-0.6580083464217319,-0.6637043718928439,0.4626480036951401,-0.6414960643497905,67627.0,-0.7619402918791277,1.04,1.338560746347955,1.01,65560.0,61441.62466220406,4118.3753377959365
2016,nor,-1.071555387671303,-0.3374767992675478,0.4626480036951401,-0.6414960643497905,73109.0,0.3293416131883617,1.0,-0.1923002762359031,0.96,73139.0,69107.28021787124,4031.7197821287555
2010,htx,-0.2444613051721605,-0.6637043718928439,0.4626480036951401,-0.6414960643497905,71080.0,0.05540861188967697,1.0,-0.1923002762359031,1.01,71496.0,67674.59948829682,3821.4005117031775
2014,rai,-1.071555387671303,-1.6423870897687327,1.3613804893421588,-0.6414960643497905,57416.0,-2.0151293936870083,1.03,1.848847753875908,0.87,54613.0,50821.533230273606,3791.466769726394
2014,crd,0.16908573607741093,0.9674334912336371,-0.4360844819518784,0.11561847671420634,61979.0,-1.0025374408422008,0.98,1.848847753875908,0.99,64185.0,60413.331885257656,3771.668114742344
2011,car,-0.2444613051721605,-0.6637043718928439,0.4626480036951401,-0.6414960643497905,72292.0,0.4182242907805663,0.98,-0.1923002762359031,0.99,73293.0,69604.25926906681,3688.74073093319
2018,nyj,-0.2444613051721605,-1.3161595171434366,1.3613804893421588,-0.6414960643497905,77982.0,1.5413588915602694,0.95,-0.1923002762359031,0.9520000000000001,78523.0,74856.96429483735,3666.035705162649
2006,tam,-0.2444613051721605,-1.3161595171434366,1.3613804893421588,-0.6414960643497905,65582.0,-0.6868701663952758,1.0,-0.1923002762359031,1.0,65316.0,61695.6039777308,3620.3960222691967
2008,phi,-0.6580083464217319,0.4780921322956927,-0.4360844819518784,1.6298475588421997,69144.0,-0.3890088279582453,1.02,-0.1923002762359031,1.02,69144.0,65529.96141428527,3614.0385857147267
2011,den,0.9961798185765536,-0.011249226642251607,-1.3348169675988968,0.8727330177782031,75327.0,0.7315166781802905,0.99,-0.1923002762359031,1.01,76632.0,73021.41515192181,3610.584848078186
2006,buf,-0.6580083464217319,-0.3374767992675478,0.4626480036951401,-0.6414960643497905,67646.0,0.2792039635921684,0.93,0.8282737388200024,0.97,71054.0,67462.25002794004,3591.749972059959
2008,gnb,-0.2444613051721605,-0.6637043718928439,0.4626480036951401,-0.6414960643497905,70682.0,0.29681004241125764,0.97,0.8282737388200024,0.97,70708.0,67181.92872480486,3526.071275195136
2008,crd,0.5826327773269824,0.3149783459830446,-1.3348169675988968,2.3869620999061967,64096.0,-0.9731718517797492,1.01,1.848847753875908,1.0,63142.0,59646.39255608675,3495.60744391325
2016,mia,0.16908573607741093,0.6412059186083408,-0.4360844819518784,0.11561847671420634,65512.0,-0.6963207874356443,1.0,1.338560746347955,1.04,67627.0,64163.29129797272,3463.708702027281
2010,oti,0.16908573607741093,-0.6637043718928439,1.3613804893421588,-0.6414960643497905,69143.0,-0.2061035731845233,1.0,-0.1923002762359031,1.0,69143.0,65702.09240501387,3440.907594986129
2014,nyj,-0.6580083464217319,-1.3161595171434366,1.3613804893421588,-0.6414960643497905,78160.0,1.5666552907359943,0.95,-0.1923002762359031,0.95,78160.0,74766.43327821624,3393.5667217837617
2008,buf,-0.6580083464217319,-0.3374767992675478,1.3613804893421588,-0.6414960643497905,71405.0,0.2960274852002872,0.98,0.8282737388200024,0.96,70128.0,66742.99062633449,3385.009373665511
2007,den,-0.6580083464217319,-0.3374767992675478,-0.4360844819518784,-0.6414960643497905,76611.0,0.6997351117310464,1.01,-0.1923002762359031,0.99,75509.0,72150.81345055524,3358.1865494447557
2008,sea,-0.6580083464217319,-1.3161595171434366,0.4626480036951401,-0.6414960643497905,67995.0,-0.5410923514230018,1.02,-0.7025872837638559,1.01,67392.0,64041.18049812644,3350.819501873557
2015,phi,0.16908573607741093,-0.3374767992675478,-0.4360844819518784,-0.6414960643497905,69483.0,-0.4334283660291961,1.03,-0.1923002762359031,1.03,69596.0,66245.57670476937,3350.423295230634
2012,nor,0.16908573607741093,-0.3374767992675478,0.4626480036951401,-0.6414960643497905,72888.0,0.299504652475198,1.0,-0.1923002762359031,1.0,72901.0,69648.03049056396,3252.969509436036
2011,nyg,-0.6580083464217319,0.3149783459830446,-1.3348169675988968,3.144076640970193,79475.0,1.635884346649658,0.96,-0.1923002762359031,0.98,80495.0,77242.23478255897,3252.7652174410323
2015,sfo,-0.6580083464217319,-0.9899319445181402,1.3613804893421588,-0.6414960643497905,70799.0,-0.2609315936418859,1.03,-1.723161298819761,1.02,70178.0,66961.16989968873,3216.830100311272
2009,nyg,0.16908573607741093,-0.011249226642251607,0.4626480036951401,-0.6414960643497905,78701.0,1.3011547608639813,0.98,-0.1923002762359031,0.96,79019.0,75812.14364822987,3206.856351770126
2017,nyj,-1.4851024289208747,-0.9899319445181402,1.3613804893421588,-0.6414960643497905,77562.0,1.5989334477047763,0.94,-0.1923002762359031,0.95,77982.0,74788.19134881718,3193.808651182815
2018,sfo,-0.2444613051721605,-1.3161595171434366,0.4626480036951401,-0.6414960643497905,69148.0,-0.2978601474524183,1.01,-1.723161298819761,1.026,70305.0,67131.75429327045,3173.2457067295472
2007,oti,-0.2444613051721605,0.6412059186083408,0.4626480036951401,0.11561847671420634,69143.0,-0.4779944014484104,1.03,-0.1923002762359031,1.0,69143.0,66040.32484203836,3102.6751579616393
2012,oti,-1.4851024289208747,-0.6637043718928439,0.4626480036951401,-0.6414960643497905,69143.0,-0.2061035731845233,1.0,-0.1923002762359031,1.0,69143.0,66146.26460944267,2996.7353905573254
2015,den,0.16908573607741093,1.2936610638589332,-1.3348169675988968,3.144076640970193,76922.0,0.7413071505366287,1.01,-0.1923002762359031,1.01,76774.0,73782.69703018943,2991.3029698105674
2014,nyg,-1.071555387671303,-0.6637043718928439,0.4626480036951401,-0.6414960643497905,78967.0,1.564442151880206,0.96,-0.1923002762359031,0.96,79001.0,76016.09541244799,2984.9045875520096
2006,oti,-1.071555387671303,-0.011249226642251607,-0.4360844819518784,-0.6414960643497905,69143.0,-0.4779944014484104,1.03,-0.1923002762359031,1.03,69143.0,66185.0301742499,2957.9698257501004
2014,car,-0.6580083464217319,-0.1743630129548997,-1.3348169675988968,0.8727330177782031,73607.0,0.3965760314469842,1.0,-0.1923002762359031,1.0,74056.0,71164.00778501881,2891.99221498119
2014,den,3.0639150248244107,1.2936610638589332,-1.3348169675988968,0.8727330177782031,76939.0,0.7435795770951334,1.01,-0.1923002762359031,1.01,76922.0,74043.4284703608,2878.571529639201
2014,atl,-0.2444613051721605,-0.6637043718928439,0.4626480036951401,-0.6414960643497905,70502.0,0.07351889290210044,0.99,-0.1923002762359031,0.99,70355.0,67490.72387876967,2864.2761212303303
2017,nyg,-1.071555387671303,-1.6423870897687327,1.3613804893421588,-0.6414960643497905,77179.0,1.54392451368561,0.94,-0.1923002762359031,0.93,76940.0,74085.3403102246,2854.659689775406
2013,den,0.5826327773269824,1.619888636484229,-1.3348169675988968,2.3869620999061967,76872.0,0.7346235430116144,1.01,-0.1923002762359031,1.01,76939.0,74095.64333938304,2843.3566606169625
2007,car,-1.4851024289208747,-0.3374767992675478,-0.4360844819518784,-0.6414960643497905,73402.0,0.3688992126859047,1.0,-0.1923002762359031,0.99,73210.0,70418.00556191336,2791.9944380866364
2012,den,1.4097268598261252,1.619888636484229,-1.3348169675988968,0.8727330177782031,76632.0,0.7025422268915524,1.01,-0.1923002762359031,1.01,76872.0,74114.82042998531,2757.1795700146904
2016,nyj,-1.071555387671303,-0.9899319445181402,1.3613804893421588,-0.6414960643497905,78160.0,1.5666552907359943,0.95,-0.1923002762359031,0.94,77562.0,74837.91673539612,2724.083264603876
2007,buf,-0.6580083464217319,-0.3374767992675478,-0.4360844819518784,-0.6414960643497905,71054.0,0.348586640747298,0.97,0.8282737388200024,0.98,71405.0,68710.07629583342,2694.9237041665765
2009,nyj,0.5826327773269824,0.3149783459830446,-0.4360844819518784,1.6298475588421997,77052.0,1.2951275790780323,0.96,-0.1923002762359031,0.95,78596.0,75933.28133303157,2662.7186669684306
2013,rav,0.16908573607741093,-0.011249226642251607,0.4626480036951401,-0.6414960643497905,71135.0,0.0628340998499666,1.0,-0.1923002762359031,1.0,71044.0,68417.29922244893,2626.700777551072
2009,sea,-1.4851024289208747,-0.9899319445181402,0.4626480036951401,-0.6414960643497905,67392.0,-0.5325884437308811,1.01,-0.7025872837638559,1.0,66992.0,64380.63325473085,2611.3667452691516
2006,nwe,-0.6580083464217319,1.2936610638589332,-1.3348169675988968,1.6298475588421997,68756.0,-0.35025963044852304,1.01,0.8282737388200024,1.01,68756.0,66181.07386389305,2574.926136106951
2011,phi,-0.2444613051721605,-0.011249226642251607,-0.4360844819518784,-0.6414960643497905,69144.0,-0.3890088279582453,1.02,-0.1923002762359031,1.02,69144.0,66576.67490237602,2567.3250976239797
2010,min,0.16908573607741093,-0.6637043718928439,1.3613804893421588,-0.6414960643497905,58751.0,-1.1028238834559254,0.94,-1.2128742912918091,0.98,62816.0,60268.24662740504,2547.7533725949615
2009,den,0.5826327773269824,-0.011249226642251607,-0.4360844819518784,-0.6414960643497905,75116.0,0.7027420600054316,0.99,-0.1923002762359031,0.98,74908.0,72387.63921298781,2520.3607870121923
2012,car,-1.4851024289208747,-0.3374767992675478,-0.4360844819518784,-0.6414960643497905,73293.0,0.45413481387856,0.99,-0.1923002762359031,1.0,73443.0,70940.62128172128,2502.37871827872
2016,gnb,0.16908573607741093,0.6412059186083408,-1.3348169675988968,1.6298475588421997,78215.0,1.4586852021427466,0.96,0.8282737388200024,1.07,78092.0,75593.62678937473,2498.373210625272
2018,nwe,-0.6580083464217319,0.9674334912336371,-1.3348169675988968,3.144076640970193,65878.0,-0.6469075402817169,1.0,0.8282737388200024,0.998,65753.0,63288.66948959498,2464.3305104050232
2008,den,-0.2444613051721605,-0.011249226642251607,-0.4360844819518784,-0.6414960643497905,75509.0,0.7563364910135825,0.99,-0.1923002762359031,0.99,75116.0,72700.9121835894,2415.087816410596
2006,phi,-0.2444613051721605,0.6412059186083408,-1.3348169675988968,0.8727330177782031,69224.0,-0.640208528632695,1.05,-0.1923002762359031,1.03,68169.0,65760.7350183461,2408.264981653905
2008,htx,-0.2444613051721605,-0.011249226642251607,0.4626480036951401,-0.6414960643497905,70420.0,0.06233633986732085,0.99,-0.1923002762359031,0.99,70608.0,68217.10299534157,2390.897004658429
2018,buf,-1.071555387671303,-0.6637043718928439,0.4626480036951401,-0.6414960643497905,64961.0,0.20376836123768616,0.9,0.8282737388200024,0.958,68839.0,66474.78146026822,2364.2185397317808
2013,nyg,-1.071555387671303,-0.3374767992675478,0.4626480036951401,-0.6414960643497905,80148.0,1.6143296118976984,0.97,-0.1923002762359031,0.96,78967.0,76617.52999137374,2349.47000862626
2008,cin,-1.4851024289208747,-1.1530457308307884,0.4626480036951401,-0.6414960643497905,64582.0,-0.7338068871697934,0.99,-0.1923002762359031,0.98,64004.0,61666.56507531524,2337.4349246847632
2015,clt,-0.2444613051721605,-0.011249226642251607,-0.4360844819518784,-0.6414960643497905,66047.0,-1.0487068013571994,1.05,-1.2128742912918091,1.04,65549.0,63211.989873478225,2337.0101265217745
2014,nor,0.16908573607741093,-0.3374767992675478,-0.4360844819518784,-0.6414960643497905,73112.0,0.3297466398043776,1.0,-0.1923002762359031,0.96,73038.0,70706.03463936588,2331.965360634116
2009,crd,0.5826327773269824,0.6412059186083408,-1.3348169675988968,0.8727330177782031,63142.0,-1.0162918140881247,1.0,1.848847753875908,0.99,62774.0,60444.42126375597,2329.5787362440315
2014,rav,0.16908573607741093,0.6412059186083408,0.4626480036951401,0.8727330177782031,71044.0,0.05054829249748738,1.0,-0.1923002762359031,1.0,71002.0,68680.99681436493,2321.003185635069
2013,crd,0.16908573607741093,0.6412059186083408,0.4626480036951401,-0.6414960643497905,61033.0,-0.9576923382681708,0.96,1.848847753875908,0.98,61979.0,59696.371162695104,2282.6288373048956
2006,car,-0.2444613051721605,-0.011249226642251607,-0.4360844819518784,-0.6414960643497905,73567.0,0.3911756765667736,1.0,-0.1923002762359031,1.0,73402.0,71195.11937024245,2206.88062975755
2016,chi,-0.6580083464217319,-1.6423870897687327,1.3613804893421588,-0.6414960643497905,60368.0,-1.2244754947202452,0.98,-1.2128742912918091,0.99,61142.0,58949.491587254335,2192.508412745665
2017,crd,0.16908573607741093,-0.011249226642251607,0.4626480036951401,-0.6414960643497905,64217.0,-0.78358288543436,0.99,1.848847753875908,0.95,62013.0,59829.615172230784,2183.384827769216
2018,car,-0.2444613051721605,-0.3374767992675478,0.4626480036951401,-0.6414960643497905,73772.0,0.4188524953278531,1.0,-0.1923002762359031,0.9790000000000001,72220.0,70075.2586037337,2144.7413962662977
2012,clt,-0.2444613051721605,0.9674334912336371,-0.4360844819518784,0.11561847671420634,65189.0,-1.0784322437530096,1.04,-1.2128742912918091,1.05,65950.0,63835.244080071905,2114.755919928095
2010,gnb,0.9961798185765536,0.6412059186083408,-0.4360844819518784,3.144076640970193,70795.0,0.3125378800778503,0.97,0.8282737388200024,0.97,70512.0,68409.98716647353,2102.0128335264744
2009,rav,0.5826327773269824,0.3149783459830446,-0.4360844819518784,0.8727330177782031,71082.0,0.0556786296336875,1.0,-0.1923002762359031,1.0,71227.0,69125.51037806491,2101.489621935092
2014,chi,-0.6580083464217319,-0.9899319445181402,1.3613804893421588,-0.6414960643497905,61681.0,-1.2135397760878186,1.0,-1.2128742912918091,1.01,62035.0,59950.83821977001,2084.161780229988
2006,nyj,-1.071555387671303,0.6412059186083408,-0.4360844819518784,0.11561847671420634,77321.0,1.111040226815749,0.98,-0.1923002762359031,0.98,77106.0,75062.46295169283,2043.5370483071747
2015,nyg,0.16908573607741093,-0.6637043718928439,0.4626480036951401,-0.6414960643497905,79001.0,1.5692237160970581,0.96,-0.1923002762359031,0.96,78789.0,76759.17735615693,2029.822643843072
2016,jax,-1.4851024289208747,-1.6423870897687327,1.3613804893421588,-0.6414960643497905,61915.0,-0.455071673064148,0.92,-0.1923002762359031,0.96,64303.0,62273.335792126105,2029.664207873895
2011,htx,0.16908573607741093,0.6412059186083408,-1.3348169675988968,0.8727330177782031,71496.0,0.016002061922196834,1.01,-0.1923002762359031,1.01,71665.0,69649.35248715442,2015.6475128455786
2008,nwe,-0.6580083464217319,0.9674334912336371,-0.4360844819518784,-0.6414960643497905,68756.0,-0.25835200665056124,1.0,0.8282737388200024,1.0,68756.0,66800.25213314968,1955.7478668503172
2011,sea,0.5826327773269824,-0.3374767992675478,0.4626480036951401,-0.6414960643497905,66413.0,-0.484108660259043,0.99,-0.7025872837638559,1.01,67946.0,65992.10038303769,1953.8996169623133
2013,nor,0.5826327773269824,0.9674334912336371,-0.4360844819518784,0.8727330177782031,72901.0,0.30125976781126645,1.0,-0.1923002762359031,1.0,73112.0,71168.614574055,1943.3854259450018
2017,chi,-1.4851024289208747,-0.9899319445181402,1.3613804893421588,-0.6414960643497905,61142.0,-1.202928624238596,0.99,-1.2128742912918091,1.01,61815.0,59900.31317836114,1914.6868216388611
2009,car,0.16908573607741093,-0.011249226642251607,0.4626480036951401,-0.6414960643497905,73289.0,0.4535893234866227,0.99,-0.1923002762359031,0.98,72620.0,70813.18567848502,1806.8143215149757
2009,htx,0.5826327773269824,0.3149783459830446,-0.4360844819518784,-0.6414960643497905,70608.0,0.08797438828852379,0.99,-0.1923002762359031,1.0,71080.0,69290.77289644863,1789.2271035513695
2011,crd,-0.2444613051721605,-0.011249226642251607,-0.4360844819518784,-0.6414960643497905,61181.0,-1.025580981219705,0.97,1.848847753875908,0.96,60890.0,59110.44023453166,1779.559765468337
2008,clt,0.16908573607741093,1.2936610638589332,-0.4360844819518784,0.11561847671420634,66378.0,-1.006146861706015,1.05,-1.2128742912918091,1.06,66549.0,64774.39488313171,1774.6051168682898
2009,oti,0.16908573607741093,-0.011249226642251607,0.4626480036951401,-0.6414960643497905,69143.0,-0.2061035731845233,1.0,-0.1923002762359031,1.0,69143.0,67370.92667184318,1772.0733281568246
2015,crd,1.4097268598261252,1.619888636484229,-1.3348169675988968,1.6298475588421997,64185.0,-0.7879468085698835,0.99,1.848847753875908,1.02,64831.0,63063.89677067159,1767.103229328408
2009,clt,1.4097268598261252,1.9461162091095257,-1.3348169675988968,2.3869620999061967,66549.0,-1.0648848186611894,1.06,-1.2128742912918091,1.06,66975.0,65227.124014351255,1747.875985648745
2009,gnb,0.16908573607741093,0.9674334912336371,-0.4360844819518784,0.11561847671420634,70708.0,0.30042883691861666,0.97,0.8282737388200024,0.97,70795.0,69048.18278629429,1746.8172137057118
2015,sea,1.4097268598261252,0.6412059186083408,-0.4360844819518784,0.8727330177782031,69020.0,-0.4941168201441853,1.03,-0.7025872837638559,1.03,69073.0,67339.11186685908,1733.8881331409211
2014,htx,-0.2444613051721605,0.3149783459830446,-0.4360844819518784,-0.6414960643497905,71766.0,0.05209354255727092,1.01,-0.1923002762359031,1.01,71769.0,70041.01623377607,1727.9837662239297
2017,sfo,-0.6580083464217319,-0.6637043718928439,1.3613804893421588,-0.6414960643497905,70144.0,-0.2566471887373968,1.02,-1.723161298819761,1.01,69148.0,67437.26608726247,1710.7339127375308
2012,nyg,0.16908573607741093,0.3149783459830446,-0.4360844819518784,-0.6414960643497905,80495.0,1.5483036551266824,0.98,-0.1923002762359031,0.97,80148.0,78447.74539431375,1700.2546056862484
2013,oti,-1.071555387671303,-0.3374767992675478,-0.4360844819518784,-0.6414960643497905,69143.0,-0.2061035731845233,1.0,-0.1923002762359031,1.0,69143.0,67447.57842759727,1695.4215724027308
2014,sfo,-0.2444613051721605,-0.011249226642251607,0.4626480036951401,-0.6414960643497905,70774.0,-0.2642085080109457,1.03,-1.723161298819761,1.03,70799.0,69140.10205441917,1658.8979455808294
2015,nor,-1.071555387671303,-0.3374767992675478,0.4626480036951401,-0.6414960643497905,73038.0,0.7306217330060137,0.96,-0.1923002762359031,1.0,73109.0,71452.60479055099,1656.3952094490087
2016,htx,-1.071555387671303,0.3149783459830446,-1.3348169675988968,0.8727330177782031,71868.0,0.06572810190829931,1.01,-0.1923002762359031,1.01,71774.0,70180.15278618466,1593.8472138153447
2014,clt,1.4097268598261252,0.9674334912336371,-1.3348169675988968,1.6298475588421997,65375.0,-1.0542864262597609,1.04,-1.2128742912918091,1.05,66047.0,64479.31747249133,1567.6825275086667
2006,ram,-0.2444613051721605,-0.011249226642251607,-0.4360844819518784,-0.6414960643497905,65326.0,-0.7214324376286239,1.0,2.359134761403861,0.98,64294.0,62770.98638877177,1523.013611228227
2018,phi,0.5826327773269824,0.3149783459830446,-0.4360844819518784,0.8727330177782031,69696.0,-0.1314436669656112,1.0,-0.1923002762359031,1.001,69783.0,68271.10935405998,1511.8906459400168
2018,sdg,1.4097268598261252,1.2936610638589332,-0.4360844819518784,0.8727330177782031,32768.0,-5.884847863245826,1.21,2.359134761403861,1.18,31750.0,30280.891673071514,1469.1083269284863
2013,phi,0.5826327773269824,0.6412059186083408,-1.3348169675988968,0.11561847671420634,69144.0,-0.3890088279582453,1.02,-0.1923002762359031,1.03,69596.0,68130.0315645479,1465.9684354521014
2017,dal,0.5826327773269824,0.3149783459830446,-0.4360844819518784,-0.6414960643497905,92721.0,3.919362528680391,0.93,-0.1923002762359031,0.92,91619.0,90164.13001878052,1454.8699812194827
2012,htx,2.2368209423252683,1.2936610638589332,-1.3348169675988968,0.8727330177782031,71665.0,0.038592655356744325,1.01,-0.1923002762359031,1.01,71658.0,70223.95923317327,1434.040766826729
2006,cin,-0.2444613051721605,-0.011249226642251607,-0.4360844819518784,-0.6414960643497905,65983.0,-0.7209325037857535,1.01,-0.1923002762359031,1.0,65790.0,64376.311160448364,1413.6888395516362
2008,nor,-0.6580083464217319,-0.011249226642251607,1.3613804893421588,-0.6414960643497905,70092.0,0.3163132570398536,0.96,-0.1923002762359031,0.96,70105.0,68698.1234880286,1406.8765119713935
2010,nor,0.5826327773269824,0.9674334912336371,-0.4360844819518784,0.11561847671420634,70038.0,0.30871900798955737,0.96,-0.1923002762359031,1.0,73042.0,71636.58688004085,1405.4131199591502
2012,rav,0.9961798185765536,0.6412059186083408,-1.3348169675988968,3.144076640970193,71278.0,0.08214036854671965,1.0,-0.1923002762359031,1.0,71135.0,69742.2089449581,1392.7910550419037
2017,car,0.16908573607741093,0.9674334912336371,-0.4360844819518784,0.11561847671420634,73617.0,0.3979261201670369,1.0,-0.1923002762359031,1.0,73772.0,72398.11111551824,1373.8888844817557
2007,nor,-1.4851024289208747,-0.3374767992675478,0.4626480036951401,-0.6414960643497905,70004.0,0.30393744377270554,0.96,-0.1923002762359031,0.96,70092.0,68720.42430626099,1371.5756937390106
2017,sea,0.9961798185765536,0.3149783459830446,-0.4360844819518784,-0.6414960643497905,68976.0,-0.4998841894337302,1.03,-0.7025872837638559,1.0,69001.0,67643.22428964019,1357.7757103598124
2014,buf,-0.2444613051721605,0.3149783459830446,-0.4360844819518784,-0.6414960643497905,67522.0,0.15692379352087102,0.94,0.8282737388200024,0.96,69880.0,68526.99822323707,1353.0017767629324
2013,nwe,0.5826327773269824,1.2936610638589332,-1.3348169675988968,1.6298475588421997,68756.0,-0.25835200665056124,1.0,0.8282737388200024,1.0,68756.0,67433.37337997807,1322.6266200219252
2014,phi,1.8232739010756964,0.6412059186083408,-0.4360844819518784,-0.6414960643497905,69596.0,-0.4186167130810464,1.03,-0.1923002762359031,1.03,69483.0,68215.24505329199,1267.7549467080098
2015,htx,-0.2444613051721605,0.3149783459830446,-1.3348169675988968,0.11561847671420634,71769.0,0.05249455900877037,1.01,-0.1923002762359031,1.01,71868.0,70609.72760076259,1258.2723992374085
2016,rav,1.4097268598261252,-0.011249226642251607,-0.4360844819518784,-0.6414960643497905,71102.0,0.05837880707379281,1.0,-0.1923002762359031,0.99,70588.0,69385.77328411075,1202.22671588925
2007,cin,-0.6580083464217319,-0.3374767992675478,0.4626480036951401,-0.6414960643497905,65790.0,-0.6587883210181804,1.0,-0.1923002762359031,0.99,64582.0,63409.99119785597,1172.0088021440315
2008,rav,0.5826327773269824,0.9674334912336371,-0.4360844819518784,1.6298475588421997,71269.0,0.08092528869867226,1.0,-0.1923002762359031,1.0,71082.0,69916.96947793088,1165.0305220691225
2013,buf,0.16908573607741093,-0.6637043718928439,1.3613804893421588,-0.6414960643497905,66267.0,0.2904427382970865,0.91,0.8282737388200024,0.94,67522.0,66357.18714866559,1164.8128513344127
2006,rav,1.4097268598261252,1.619888636484229,-1.3348169675988968,0.8727330177782031,70818.0,-0.25844113872140073,1.03,-0.1923002762359031,1.03,71153.0,70006.0967648644,1146.9032351356
2012,cle,-0.2444613051721605,-0.9899319445181402,1.3613804893421588,-0.6414960643497905,66632.0,0.3445946484970007,0.91,-1.2128742912918091,0.97,71242.0,70102.61921228535,1139.3807877146464
2016,clt,-0.6580083464217319,-0.011249226642251607,0.4626480036951401,-0.6414960643497905,65549.0,-1.0316984034434955,1.04,-1.2128742912918091,1.01,63440.0,62313.64450605737,1126.3554939426322
2009,nwe,0.5826327773269824,0.6412059186083408,-1.3348169675988968,0.11561847671420634,68756.0,-0.25835200665056124,1.0,0.8282737388200024,1.0,68756.0,67662.40137024263,1093.598629757369
2006,sea,0.16908573607741093,0.3149783459830446,-1.3348169675988968,0.8727330177782031,67977.0,-0.5434748609289765,1.02,-0.7025872837638559,1.02,68193.0,67105.03306853442,1087.9669314655766
2011,jax,-0.6580083464217319,-0.9899319445181402,0.4626480036951401,-0.6414960643497905,62331.0,-0.4923789984594317,0.93,-0.1923002762359031,0.97,64984.0,63903.629119255645,1080.3708807443545
2017,nwe,0.16908573607741093,1.619888636484229,-1.3348169675988968,2.3869620999061967,65878.0,-0.6469075402817169,1.0,0.8282737388200024,1.0,65878.0,64809.526490115095,1068.473509884905
2018,rai,-1.071555387671303,-1.3161595171434366,1.3613804893421588,-0.6414960643497905,57919.0,-1.9491978765815228,1.03,1.848847753875908,0.938,52549.0,51516.73901658198,1032.2609834180184
2010,phi,0.5826327773269824,0.6412059186083408,-1.3348169675988968,0.11561847671420634,69144.0,-0.3890088279582453,1.02,-0.1923002762359031,1.02,69144.0,68130.0315645479,1013.9684354521014
2017,atl,0.16908573607741093,0.6412059186083408,0.4626480036951401,0.8727330177782031,71960.0,0.5790180204834351,0.96,-0.1923002762359031,0.97,72898.0,71921.26946362818,976.7305363718187
2010,nyj,-0.2444613051721605,0.9674334912336371,-0.4360844819518784,1.6298475588421997,78596.0,1.6286172572563038,0.95,-0.1923002762359031,0.96,78986.0,78025.36433448277,960.6356655172276
2007,ram,-1.071555387671303,-1.6423870897687327,1.3613804893421588,-0.6414960643497905,64294.0,-0.6836134217685372,0.98,2.359134761403861,0.92,59980.0,59020.59716347199,959.4028365280101
2014,tam,-1.071555387671303,-1.9686146623940288,1.3613804893421588,-0.6414960643497905,59659.0,-0.6899293784180771,0.91,-0.1923002762359031,0.94,61560.0,60614.88988648228,945.1101135177232
2011,oti,-1.4851024289208747,0.3149783459830446,-0.4360844819518784,-0.6414960643497905,69143.0,-0.2061035731845233,1.0,-0.1923002762359031,1.0,69143.0,68264.22285245519,878.7771475448098
2013,clt,-0.2444613051721605,0.9674334912336371,-1.3348169675988968,0.8727330177782031,65950.0,-1.0611790495329232,1.05,-1.2128742912918091,1.04,65375.0,64513.69417289517,861.3058271048285
2012,nwe,1.4097268598261252,1.2936610638589332,-1.3348169675988968,1.6298475588421997,68755.0,-0.2584870155225665,1.0,0.8282737388200024,1.0,68756.0,67909.34135972723,846.6586402727698
2011,nyj,0.16908573607741093,-0.011249226642251607,-0.4360844819518784,-0.6414960643497905,78986.0,1.5671142024719755,0.96,-0.1923002762359031,0.96,79088.0,78247.82366590074,840.176334099262
2015,atl,0.16908573607741093,-0.011249226642251607,-0.4360844819518784,-0.6414960643497905,70355.0,0.05347212099828826,0.99,-0.1923002762359031,0.93,69999.0,69182.30851593032,816.6914840696845
2014,min,-1.4851024289208747,-0.3374767992675478,0.4626480036951401,-0.6414960643497905,52238.0,-2.8242663380435973,1.05,-1.2128742912918091,1.0,52430.0,51668.57073586598,761.4292641340217
2007,cle,0.9961798185765536,0.6412059186083408,-0.4360844819518784,-0.6414960643497905,73000.0,0.21704497627459596,1.01,-1.2128742912918091,0.99,72778.0,72043.5059108162,734.494089183805
2011,nwe,1.8232739010756964,1.619888636484229,-1.3348169675988968,2.3869620999061967,68756.0,-0.25835200665056124,1.0,0.8282737388200024,1.0,68755.0,68033.9949651547,721.0050348452933
2017,rav,-0.2444613051721605,0.3149783459830446,-0.4360844819518784,-0.6414960643497905,70588.0,0.08524693632881934,0.99,-0.1923002762359031,0.99,70431.0,69786.48770425581,644.5122957441927
2009,phi,2.2368209423252683,0.9674334912336371,-0.4360844819518784,0.11561847671420634,69144.0,-0.3890088279582453,1.02,-0.1923002762359031,1.02,69144.0,68512.1560357606,631.8439642393932
2012,nyj,-0.6580083464217319,-0.6637043718928439,0.4626480036951401,-0.6414960643497905,79088.0,1.581458895122535,0.96,-0.1923002762359031,0.93,76957.0,76353.93011484714,603.0698851528578
2016,sea,1.4097268598261252,0.8043197049209888,-1.3348169675988968,0.8727330177782031,69073.0,-0.4871697616817803,1.03,-0.7025872837638559,1.03,68976.0,68377.99495488958,598.005045110418
2010,rav,0.5826327773269824,1.2936610638589332,-0.4360844819518784,0.8727330177782031,71227.0,0.07525491607445108,1.0,-0.1923002762359031,1.0,71224.0,70646.98355188935,577.0164481106476
2006,atl,-0.6580083464217319,-0.3374767992675478,0.4626480036951401,-0.6414960643497905,70432.0,0.06397281104314273,0.99,-0.1923002762359031,0.96,68395.0,67841.5470735241,553.452926475904
2009,chi,-0.6580083464217319,-0.3374767992675478,0.4626480036951401,-0.6414960643497905,62250.0,-1.2199306416032376,1.01,-1.2128742912918091,1.01,62195.0,61668.35976351833,526.6402364816677
2013,rai,-1.071555387671303,-1.3161595171434366,1.3613804893421588,-0.6414960643497905,50444.0,-1.028037585952583,0.8,1.848847753875908,1.03,57416.0,56900.558842918246,515.4411570817538
2018,cle,0.16908573607741093,-0.1743630129548997,0.4626480036951401,-0.6414960643497905,65765.0,-0.4809623496055302,0.98,-1.2128742912918091,1.0,67431.0,66928.20516959619,502.79483040381456
2013,sea,0.9961798185765536,1.619888636484229,-1.3348169675988968,3.144076640970193,68197.0,-0.5143553003003896,1.02,-0.7025872837638559,1.0,68412.0,67941.33438183488,470.66561816511967
2018,mia,-1.071555387671303,-0.3374767992675478,-0.4360844819518784,-0.6414960643497905,65560.0,-0.7774758234473632,1.01,1.338560746347955,0.9740000000000001,63067.0,62599.756298275846,467.24370172415365
2012,det,-0.2444613051721605,-1.3161595171434366,1.3613804893421588,-0.6414960643497905,63769.0,-0.8446778093316923,0.99,-1.2128742912918091,0.99,63796.0,63371.0963113406,424.9036886593967
2015,buf,0.16908573607741093,-0.011249226642251607,0.4626480036951401,-0.6414960643497905,69880.0,0.28649879780536,0.96,0.8282737388200024,0.94,68509.0,68089.71183035956,419.28816964043654
2015,oti,-0.6580083464217319,-1.6423870897687327,1.3613804893421588,-0.6414960643497905,62304.0,-0.1948078308934134,0.9,-0.1923002762359031,0.94,64659.0,64262.62508238509,396.37491761490674
2006,jax,-0.6580083464217319,-0.011249226642251607,0.4626480036951401,-0.6414960643497905,66858.0,-0.5145988457165562,1.0,-0.1923002762359031,0.97,65301.0,64946.01174448254,354.9882555174627
2011,atl,-0.6580083464217319,0.6412059186083408,-0.4360844819518784,0.11561847671420634,68986.0,0.060753293008235815,0.97,-0.1923002762359031,0.98,70096.0,69748.02704822618,347.972951773816
2010,nyg,0.5826327773269824,0.6412059186083408,-0.4360844819518784,-0.6414960643497905,79019.0,1.5717551324471566,0.96,-0.1923002762359031,0.96,79475.0,79133.05057210474,341.9494278952625
2007,nwe,1.8232739010756964,2.5985713543601183,-1.3348169675988968,2.3869620999061967,68756.0,-0.35025963044852304,1.01,0.8282737388200024,1.0,68756.0,68426.41698122716,329.5830187728425
2012,sea,0.9961798185765536,0.9674334912336371,-0.4360844819518784,0.8727330177782031,67946.0,-0.4585340723537354,1.01,-0.7025872837638559,1.02,68197.0,67930.64134751257,266.3586524874263
2014,nwe,0.5826327773269824,1.2936610638589332,-1.3348169675988968,3.144076640970193,68756.0,-0.25835200665056124,1.0,0.8282737388200024,0.97,66829.0,66584.62142181449,244.3785781855113
2010,sea,-1.4851024289208747,-0.3374767992675478,-1.3348169675988968,0.8727330177782031,66992.0,-0.4965076568678505,1.0,-0.7025872837638559,0.99,66413.0,66176.05019253187,236.94980746813235
2015,chi,-1.071555387671303,-0.6637043718928439,1.3613804893421588,-0.6414960643497905,62035.0,-1.2486701539607914,1.01,-1.2128742912918091,0.98,60368.0,60144.793215203325,223.2067847966755
2017,kan,0.16908573607741093,0.6412059186083408,-1.3348169675988968,0.11561847671420634,74106.0,0.7733774421494352,0.97,-0.1923002762359031,0.99,75972.0,75772.44311624754,199.55688375246245
2013,car,1.4097268598261252,1.2936610638589332,-1.3348169675988968,0.8727330177782031,73443.0,0.3744345764381206,1.0,-0.1923002762359031,1.0,73607.0,73419.37937771832,187.6206222816836
2017,phi,0.9961798185765536,1.619888636484229,-1.3348169675988968,3.144076640970193,69596.0,-0.1449445541661378,1.0,-0.1923002762359031,1.0,69696.0,69528.07900831057,167.9209916894324
2018,dal,1.4097268598261252,0.6412059186083408,-1.3348169675988968,0.8727330177782031,91619.0,3.903953907418922,0.92,-0.1923002762359031,0.909,90929.0,90798.93128396466,130.0687160353409
2011,nor,0.5826327773269824,1.619888636484229,-1.3348169675988968,0.8727330177782031,73042.0,0.3202960187640089,1.0,-0.1923002762359031,1.0,72888.0,72780.84956617613,107.15043382387375
2010,sfo,-0.6580083464217319,-0.6637043718928439,0.4626480036951401,-0.6414960643497905,69732.0,-0.03148800754644221,0.99,-1.723161298819761,0.99,69732.0,69625.32837959962,106.6716204003751
2007,sea,0.9961798185765536,0.6412059186083408,-1.3348169675988968,0.8727330177782031,68193.0,-0.5148847468572735,1.02,-0.7025872837638559,1.02,67995.0,67897.35142997353,97.64857002647477
2011,chi,0.9961798185765536,-0.011249226642251607,0.4626480036951401,-0.6414960643497905,62145.0,-1.2339662174057644,1.01,-1.2128742912918091,1.01,62329.0,62280.62227685448,48.37772314551694
2011,gnb,1.4097268598261252,2.272343781734822,-1.3348169675988968,0.8727330177782031,70512.0,0.27314869370930445,0.97,0.8282737388200024,0.97,70507.0,70472.42799169355,34.57200830645161
2013,nyj,-0.6580083464217319,-0.011249226642251607,-0.4360844819518784,-0.6414960643497905,76957.0,1.6308895627760736,0.93,-0.1923002762359031,0.95,78160.0,78143.80852571783,16.1914742821682
2018,nor,1.8232739010756964,1.619888636484229,-1.3348169675988968,1.6298475588421997,73051.0,0.32151109861205635,1.0,-0.1923002762359031,1.001,73082.0,73078.7108315143,3.2891684857022483
2011,rav,1.8232739010756964,1.2936610638589332,-1.3348169675988968,1.6298475588421997,71224.0,0.07484988945843528,1.0,-0.1923002762359031,1.0,71278.0,71342.65752328993,-64.65752328993403
2018,rav,0.16908573607741093,0.6412059186083408,-1.3348169675988968,0.11561847671420634,70431.0,0.06383643844515692,0.99,-0.1923002762359031,0.995,70627.0,70704.92921746329,-77.92921746328648
2007,kan,-0.6580083464217319,-1.3161595171434366,0.4626480036951401,-0.6414960643497905,76777.0,1.1451389855783676,0.97,-0.1923002762359031,0.97,74077.0,74171.19657963316,-94.19657963316422
2016,min,0.9961798185765536,-0.011249226642251607,0.4626480036951401,-0.6414960643497905,66786.0,-0.5243194845009354,1.0,-1.2128742912918091,0.91,66721.0,66850.98921946839,-129.98921946839255
2010,clt,0.5826327773269824,0.6412059186083408,-1.3348169675988968,0.11561847671420634,66975.0,-1.0106265361383202,1.06,-1.2128742912918091,1.03,64828.0,64962.94214417667,-134.94214417666808
2014,sea,0.5826327773269824,1.2936610638589332,-1.3348169675988968,2.3869620999061967,68412.0,-0.3047950586203728,1.0,-0.7025872837638559,1.03,69020.0,69165.45470293898,-145.4547029389796
2018,sea,-0.2444613051721605,0.6412059186083408,-0.4360844819518784,0.11561847671420634,69001.0,-0.2252748330092711,1.0,-0.7025872837638559,1.004,68990.0,69140.75021695619,-150.75021695619216
2012,buf,-0.2444613051721605,-0.6637043718928439,1.3613804893421588,-0.6414960643497905,64950.0,0.31159173890371394,0.89,0.8282737388200024,0.91,66267.0,66429.06740255952,-162.06740255952172
2009,was,-0.6580083464217319,-1.3161595171434366,1.3613804893421588,-0.6414960643497905,84794.0,2.7685933583731392,0.93,-0.1923002762359031,0.91,83172.0,83367.66162838269,-195.66162838268792
2017,jax,0.9961798185765536,0.6412059186083408,-1.3348169675988968,1.6298475588421997,64303.0,-0.4978183680002324,0.96,-0.1923002762359031,0.98,66674.0,66899.606395298,-225.60639529800392
2010,rai,0.16908573607741093,-0.011249226642251607,0.4626480036951401,-0.6414960643497905,46431.0,-1.0699450696007042,0.74,1.848847753875908,0.94,59242.0,59491.46120912409,-249.46120912409242
2008,sdg,-0.6580083464217319,-0.011249226642251607,-1.3348169675988968,0.8727330177782031,68138.0,0.041513948812469656,0.96,2.359134761403861,0.95,67543.0,67862.27166982817,-319.2716698281729
2008,car,0.16908573607741093,1.2936610638589332,-1.3348169675988968,0.8727330177782031,73210.0,0.44281588824579854,0.99,-0.1923002762359031,0.99,73289.0,73665.27449239281,-376.2744923928112
2006,kan,0.16908573607741093,0.3149783459830446,-0.4360844819518784,0.11561847671420634,77909.0,1.1920455500189089,0.98,-0.1923002762359031,0.97,76777.0,77166.69908876003,-389.6990887600259
2010,nwe,1.8232739010756964,1.9461162091095257,-1.3348169675988968,0.8727330177782031,68756.0,-0.25835200665056124,1.0,0.8282737388200024,1.0,68756.0,69192.60890726783,-436.60890726782964
2018,htx,0.9961798185765536,0.9674334912336371,-1.3348169675988968,0.11561847671420634,71804.0,0.1531550352214896,1.0,-0.1923002762359031,0.997,71793.0,72274.84052942066,-481.84052942066046
2018,atl,0.16908573607741093,-0.3374767992675478,-0.4360844819518784,-0.6414960643497905,72898.0,0.6052426819614319,0.97,-0.1923002762359031,0.955,71601.0,72098.3009361021,-497.3009361020959
2018,min,0.16908573607741093,0.1518645596703965,-0.4360844819518784,-0.6414960643497905,66811.0,-0.5209442627008037,1.0,-1.2128742912918091,1.003,66849.0,67430.1416224722,-581.1416224722052
2011,min,-0.6580083464217319,-1.6423870897687327,1.3613804893421588,-0.6414960643497905,62816.0,-0.8872288430172938,0.98,-1.2128742912918091,0.95,60725.0,61345.85101789485,-620.8510178948491
2008,was,0.16908573607741093,-0.011249226642251607,1.3613804893421588,-0.6414960643497905,88604.0,2.7912729332137096,0.97,-0.1923002762359031,0.93,84794.0,85470.14247689054,-676.1424768905417
2013,jax,-1.071555387671303,-1.3161595171434366,0.4626480036951401,-0.6414960643497905,59940.0,-0.4484020237326718,0.89,-0.1923002762359031,0.94,62961.0,63721.56046132439,-760.5604613243922
2018,jax,-0.6580083464217319,-0.9899319445181402,1.3613804893421588,-0.6414960643497905,66674.0,-0.3557347326128903,0.98,-0.1923002762359031,0.93,63085.0,63857.0818672371,-772.0818672371024
2009,jax,-0.6580083464217319,-0.3374767992675478,1.3613804893421588,-0.6414960643497905,49651.0,-0.4824740319561679,0.74,-0.1923002762359031,0.94,63032.0,63823.158702435416,-791.1587024354158
2014,kan,0.16908573607741093,0.3149783459830446,-0.4360844819518784,-0.6414960643497905,74967.0,0.7867434056928949,0.98,-0.1923002762359031,0.97,74086.0,74897.68856378157,-811.6885637815722
2015,pit,-0.2444613051721605,0.6412059186083408,-0.4360844819518784,0.8727330177782031,64356.0,-0.6750720441518767,0.98,-0.1923002762359031,0.99,64312.0,65134.64677696891,-822.6467769689116
2007,tam,-1.071555387671303,0.3149783459830446,-1.3348169675988968,0.11561847671420634,65316.0,-0.7227825263486765,1.0,-0.1923002762359031,0.98,64511.0,65428.117636514056,-917.1176365140564
2013,mia,0.16908573607741093,-0.011249226642251607,0.4626480036951401,-0.6414960643497905,64319.0,0.5562287322050256,0.86,1.338560746347955,0.93,70035.0,70962.21318601897,-927.2131860189693
2008,sfo,-1.071555387671303,-0.3374767992675478,-0.4360844819518784,-0.6414960643497905,67512.0,-0.04652308647429888,0.96,-1.723161298819761,0.99,69732.0,70668.78271465073,-936.7827146507334
2008,chi,-1.071555387671303,0.3149783459830446,-0.4360844819518784,-0.6414960643497905,62034.0,-1.248803826111292,1.01,-1.2128742912918091,1.01,62250.0,63190.239385221474,-940.2393852214736
2015,nyj,0.5826327773269824,0.6412059186083408,-0.4360844819518784,-0.6414960643497905,78160.0,1.5666552907359943,0.95,-0.1923002762359031,0.95,78160.0,79103.24400185302,-943.2440018530178
2012,chi,0.5826327773269824,0.6412059186083408,0.4626480036951401,-0.6414960643497905,62329.0,-1.2093705417137155,1.01,-1.2128742912918091,1.01,62358.0,63307.93065234581,-949.9306523458072
2009,pit,0.16908573607741093,0.3149783459830446,0.4626480036951401,-0.6414960643497905,63485.0,-0.7950646232504346,0.98,-0.1923002762359031,0.97,63083.0,64112.282055352254,-1029.2820553522542
2016,buf,0.9961798185765536,-0.3374767992675478,0.4626480036951401,-0.6414960643497905,68509.0,0.29868310912640034,0.94,0.8282737388200024,0.91,66775.0,67812.85800546755,-1037.858005467555
2010,det,-0.6580083464217319,-0.6637043718928439,0.4626480036951401,-0.6414960643497905,56285.0,-0.8065687219499215,0.87,-1.2128742912918091,0.99,63742.0,64797.02566802898,-1055.0256680289822
2006,nor,-0.2444613051721605,0.6412059186083408,-1.3348169675988968,1.6298475588421997,68808.0,0.341627420540841,0.94,-0.1923002762359031,0.96,70004.0,71074.8042405452,-1070.8042405451997
2015,car,2.6503679835748395,2.272343781734822,-1.3348169675988968,2.3869620999061967,74056.0,0.4571950149773487,1.0,-0.1923002762359031,1.0,73792.0,74906.37325891874,-1114.373258918742
2013,kan,2.6503679835748395,0.9674334912336371,-0.4360844819518784,0.11561847671420634,75359.0,0.8407469544950014,0.98,-0.1923002762359031,0.98,74967.0,76106.9703597908,-1139.9703597907937
2008,cle,-0.2444613051721605,-1.3161595171434366,1.3613804893421588,-0.6414960643497905,72778.0,0.3839029259162245,0.99,-1.2128742912918091,0.94,68888.0,70064.38957758326,-1176.3895775832643
2015,nwe,1.4097268598261252,1.2936610638589332,-1.3348169675988968,1.6298475588421997,66829.0,-0.23946746669831895,0.97,0.8282737388200024,0.97,66829.0,68020.50314675785,-1191.503146757852
2016,nwe,0.16908573607741093,1.9461162091095257,-1.3348169675988968,3.144076640970193,66829.0,-0.23946746669831895,0.97,0.8282737388200024,1.0,65878.0,67076.33957618439,-1198.3395761843858
2017,rai,0.5826327773269824,-0.6637043718928439,0.4626480036951401,-0.6414960643497905,57775.0,-1.0626115970878445,0.92,1.848847753875908,1.03,57919.0,59152.97703232868,-1233.9770323286793
2011,buf,-1.4851024289208747,-0.6637043718928439,1.3613804893421588,-0.6414960643497905,62694.0,0.3011247589392612,0.86,0.8282737388200024,0.89,64950.0,66191.51010787074,-1241.5101078707376
2007,sdg,2.2368209423252683,0.9674334912336371,-1.3348169675988968,1.6298475588421997,65502.0,0.07131617898247017,0.92,2.359134761403861,0.96,68138.0,69382.39807974381,-1244.3980797438126
2013,sdg,-0.6580083464217319,0.3149783459830446,0.4626480036951401,0.8727330177782031,64205.0,0.09036090875326272,0.9,2.359134761403861,0.92,65432.0,66703.34061067572,-1271.3406106757175
2014,oti,-1.4851024289208747,-1.9686146623940288,1.3613804893421588,-0.6414960643497905,69143.0,-0.2061035731845233,1.0,-0.1923002762359031,0.9,62304.0,63579.18239024695,-1275.1823902469478
2008,pit,-0.2444613051721605,1.2936610638589332,-1.3348169675988968,3.144076640970193,62890.0,-0.7877148345630026,0.97,-0.1923002762359031,0.98,63485.0,64787.62310885588,-1302.623108855878
2017,clt,-0.6580083464217319,-1.3161595171434366,0.4626480036951401,-0.6414960643497905,63440.0,-1.060860782507923,1.01,-1.2128742912918091,0.94,59199.0,60540.977330903974,-1341.9773309039738
2007,sfo,-0.6580083464217319,-0.9899319445181402,0.4626480036951401,-0.6414960643497905,68028.0,-0.07258536614748021,0.97,-1.723161298819761,0.96,67512.0,68917.4784733303,-1405.478473330295
2016,nyg,0.16908573607741093,0.9674334912336371,-0.4360844819518784,0.11561847671420634,78789.0,1.5394092568625604,0.96,-0.1923002762359031,0.94,77179.0,78591.10912132026,-1412.1091213202599
2014,sdg,-0.6580083464217319,0.3149783459830446,-0.4360844819518784,-0.6414960643497905,65432.0,0.061043764808155834,0.92,2.359134761403861,0.95,66772.0,68189.29149831341,-1417.2914983134106
2014,jax,-1.4851024289208747,-1.6423870897687327,0.4626480036951401,-0.6414960643497905,62961.0,-0.4981564886238298,0.94,-0.1923002762359031,0.92,61463.0,62929.127440059165,-1466.1274400591647
2008,oti,1.8232739010756964,1.619888636484229,-1.3348169675988968,0.8727330177782031,69143.0,-0.2061035731845233,1.0,-0.1923002762359031,1.0,69143.0,70612.98524145475,-1469.9852414547495
2018,nyg,0.5826327773269824,-0.9899319445181402,1.3613804893421588,-0.6414960643497905,76940.0,1.6284216586641491,0.93,-0.1923002762359031,0.905,74664.0,76152.43098505065,-1488.4309850506543
2007,jax,-1.071555387671303,0.9674334912336371,-0.4360844819518784,0.8727330177782031,65301.0,-0.4521412362076446,0.97,-0.1923002762359031,0.97,65167.0,66662.89927144052,-1495.8992714405176
2007,atl,-1.4851024289208747,-1.3161595171434366,1.3613804893421588,-0.6414960643497905,68395.0,0.07765694892221406,0.96,-0.1923002762359031,0.9,64065.0,65586.00961279162,-1521.0096127916186
2013,chi,0.5826327773269824,-0.011249226642251607,-0.4360844819518784,-0.6414960643497905,62358.0,-1.2054940493492083,1.01,-1.2128742912918091,1.0,61681.0,63219.815552044245,-1538.8155520442451
2013,sfo,2.2368209423252683,1.2936610638589332,-0.4360844819518784,1.6298475588421997,69732.0,-0.03148800754644221,0.99,-1.723161298819761,1.03,70774.0,72355.16116832496,-1581.1611683249648
2009,atl,-1.071555387671303,0.3149783459830446,-0.4360844819518784,-0.6414960643497905,68173.0,0.046436147270996285,0.96,-0.1923002762359031,0.95,67850.0,69432.93572504121,-1582.935725041214
2008,nyg,1.4097268598261252,1.2936610638589332,-1.3348169675988968,0.8727330177782031,79069.0,1.5787868445307656,0.96,-0.1923002762359031,0.98,78701.0,80303.12884843018,-1602.1288484301767
2008,nyj,1.4097268598261252,0.3149783459830446,0.4626480036951401,-0.6414960643497905,78482.0,1.6124161926156717,0.95,-0.1923002762359031,0.96,77052.0,78656.34193627808,-1604.3419362780842
2006,dal,1.4097268598261252,0.3149783459830446,-0.4360844819518784,0.11561847671420634,63288.0,-0.6405621232974694,0.96,-0.1923002762359031,0.97,63534.0,65192.800047004675,-1658.8000470046754
2015,kan,0.9961798185765536,0.9674334912336371,-0.4360844819518784,0.8727330177782031,74086.0,0.770593754066853,0.97,-0.1923002762359031,0.96,73328.0,74988.89781936698,-1660.8978193669755
2012,atl,0.5826327773269824,1.619888636484229,-1.3348169675988968,1.6298475588421997,70096.0,0.11569420616468128,0.98,-0.1923002762359031,0.99,70224.0,71886.85915552221,-1662.8591555222083
2012,jax,-1.4851024289208747,-1.9686146623940288,1.3613804893421588,-0.6414960643497905,64984.0,-0.4962626923165834,0.97,-0.1923002762359031,0.89,59940.0,61609.41477656654,-1669.4147765665402
2015,jax,-1.071555387671303,-0.9899319445181402,0.4626480036951401,-0.6414960643497905,61463.0,-0.5214021188754301,0.92,-0.1923002762359031,0.92,61915.0,63641.886935710434,-1726.886935710434
2013,tam,-0.6580083464217319,-1.3161595171434366,1.3613804893421588,-0.6414960643497905,58818.0,-0.7177421951271482,0.9,-0.1923002762359031,0.91,59659.0,61419.6474645514,-1760.6474645514027
2006,pit,0.16908573607741093,-0.011249226642251607,0.4626480036951401,-0.6414960643497905,62432.0,-0.7609450341688303,0.96,-0.1923002762359031,0.96,62084.0,63877.955884181036,-1793.9558841810358
2009,sfo,0.5826327773269824,-0.011249226642251607,-0.4360844819518784,-0.6414960643497905,69732.0,-0.03148800754644221,0.99,-1.723161298819761,0.99,69732.0,71538.97322895446,-1806.9732289544627
2011,ram,-1.4851024289208747,-1.9686146623940288,1.3613804893421588,-0.6414960643497905,56394.0,-0.6878937220295486,0.86,2.359134761403861,0.87,56703.0,58524.28473584926,-1821.2847358492581
2013,det,-0.6580083464217319,-0.3374767992675478,0.4626480036951401,-0.6414960643497905,63796.0,-0.8409957491860961,0.99,-1.2128742912918091,0.98,63024.0,64861.84829580324,-1837.84829580324
2016,atl,0.9961798185765536,0.9674334912336371,-1.3348169675988968,2.3869620999061967,69999.0,0.6207909268485029,0.93,-0.1923002762359031,0.96,71960.0,73809.68613458617,-1849.686134586169
2014,pit,0.5826327773269824,0.9674334912336371,-1.3348169675988968,0.11561847671420634,62226.0,-0.7899156879532949,0.96,-0.1923002762359031,0.98,64356.0,66230.14694909746,-1874.146949097456
2012,min,1.4097268598261252,0.6412059186083408,-0.4360844819518784,0.11561847671420634,60725.0,-0.9111127970659142,0.95,-1.2128742912918091,1.0,64019.0,65905.31247638061,-1886.3124763806118
2008,min,0.9961798185765536,0.6412059186083408,-1.3348169675988968,0.11561847671420634,63267.0,-0.9131368535202212,0.99,-1.2128742912918091,1.0,63775.0,65670.52779090243,-1895.5277909024298
2009,nor,1.4097268598261252,1.619888636484229,-1.3348169675988968,3.144076640970193,70105.0,0.3181415021815942,0.96,-0.1923002762359031,0.96,70038.0,71971.8863799027,-1933.8863799027022
2006,sfo,-0.2444613051721605,-0.3374767992675478,0.4626480036951401,-0.6414960643497905,68150.0,-0.055604868843725085,0.97,-1.723161298819761,0.97,68028.0,70004.22964476177,-1976.22964476177
2016,det,-1.071555387671303,0.3149783459830446,-0.4360844819518784,0.11561847671420634,60792.0,-0.8096822794530006,0.94,-1.2128742912918091,0.99,64137.0,66143.13177489096,-2006.1317748909642
2008,tam,0.16908573607741093,0.3149783459830446,0.4626480036951401,-0.6414960643497905,64511.0,-0.6537186001102252,0.98,-0.1923002762359031,0.96,62991.0,65002.117376788214,-2011.1173767882137
2015,tam,0.5826327773269824,-0.6637043718928439,1.3613804893421588,-0.6414960643497905,61560.0,-0.6993771584955064,0.94,-0.1923002762359031,0.92,60624.0,62678.32197441913,-2054.32197441913
2017,nor,1.4097268598261252,0.9674334912336371,-1.3348169675988968,0.8727330177782031,73139.0,0.7448257914149023,0.96,-0.1923002762359031,1.0,73051.0,75119.09230676942,-2068.092306769424
2012,cin,0.16908573607741093,0.6412059186083408,-0.4360844819518784,0.11561847671420634,61188.0,-0.6583092572788071,0.93,-0.1923002762359031,0.97,63297.0,65380.43125499314,-2083.431254993142
2008,atl,-0.6580083464217319,0.9674334912336371,-0.4360844819518784,0.11561847671420634,64065.0,0.06935952866355184,0.9,-0.1923002762359031,0.96,68173.0,70267.94308450403,-2094.9430845040333
2006,det,-1.071555387671303,-1.6423870897687327,1.3613804893421588,-0.6414960643497905,60889.0,-0.7957505128737342,0.94,-1.2128742912918091,0.94,61304.0,63406.56212468051,-2102.5621246805094
2010,chi,0.16908573607741093,0.9674334912336371,-1.3348169675988968,1.6298475588421997,62195.0,-1.22728260988075,1.01,-1.2128742912918091,1.01,62145.0,64359.37957796863,-2214.3795779686334
2018,clt,-0.2444613051721605,0.6412059186083408,-0.4360844819518784,0.8727330177782031,59199.0,-1.0384792295640537,0.94,-1.2128742912918091,0.97,61110.0,63329.46705659466,-2219.467056594658
2016,kan,1.4097268598261252,1.2936610638589332,-1.3348169675988968,0.8727330177782031,73328.0,0.771405663090939,0.96,-0.1923002762359031,0.97,74106.0,76398.97780682486,-2292.977806824856
2013,pit,-0.6580083464217319,-0.011249226642251607,-0.4360844819518784,-0.6414960643497905,57311.0,-0.7484158017289485,0.88,-0.1923002762359031,0.96,62226.0,64564.212167032245,-2338.212167032245
2010,buf,-1.071555387671303,-1.3161595171434366,1.3613804893421588,-0.6414960643497905,63195.0,0.2657431235171908,0.87,0.8282737388200024,0.86,62694.0,65098.06842623444,-2404.0684262344366
2011,det,-1.071555387671303,0.6412059186083408,-0.4360844819518784,0.11561847671420634,63742.0,-0.8483598694772916,0.99,-1.2128742912918091,0.99,63769.0,66184.79738703638,-2415.7973870363785
2010,pit,0.16908573607741093,1.2936610638589332,-1.3348169675988968,2.3869620999061967,63083.0,-0.7608522445660789,0.97,-0.1923002762359031,0.97,63034.0,65473.91246863103,-2439.9124686310315
2008,kan,-0.6580083464217319,-1.9686146623940288,1.3613804893421588,-0.6414960643497905,74077.0,0.7693410944296886,0.97,-0.1923002762359031,0.88,67514.0,69996.32357953016,-2482.323579530159
2013,cle,0.9961798185765536,-1.3161595171434366,1.3613804893421588,-0.6414960643497905,71242.0,0.3747533087235782,0.97,-1.2128742912918091,0.92,67425.0,69982.60585199519,-2557.605851995191
2016,oti,0.5826327773269824,0.3149783459830446,-0.4360844819518784,-0.6414960643497905,64659.0,-0.2542787602568673,0.94,-0.1923002762359031,0.95,65651.0,68368.95651977079,-2717.9565197707852
2012,sfo,2.2368209423252683,1.130547277546285,-1.3348169675988968,2.3869620999061967,69732.0,-0.03148800754644221,0.99,-1.723161298819761,0.99,69732.0,72465.61146956407,-2733.6114695640717
2018,det,-0.6580083464217319,-0.6637043718928439,1.3613804893421588,-0.6414960643497905,62795.0,-0.8009373529552712,0.97,-1.2128742912918091,0.951,61342.0,64124.800699083855,-2782.800699083855
2018,kan,0.9961798185765536,1.2936610638589332,-1.3348169675988968,1.6298475588421997,75972.0,0.8194770038806911,0.99,-0.1923002762359031,0.961,73465.0,76269.00943914939,-2804.0094391493913
2007,pit,0.9961798185765536,0.6412059186083408,-1.3348169675988968,0.11561847671420634,62084.0,-0.8098857502707392,0.96,-0.1923002762359031,0.97,62890.0,65736.9061835256,-2846.9061835255998
2008,ram,-1.4851024289208747,-1.9686146623940288,1.3613804893421588,-0.6414960643497905,59980.0,-0.7390305505969629,0.92,2.359134761403861,0.85,55237.0,58191.28976704583,-2954.2897670458333
2009,mia,-0.2444613051721605,-0.3374767992675478,0.4626480036951401,-0.6414960643497905,67542.0,0.5909438041772348,0.9,1.338560746347955,0.9,67744.0,70719.83247696499,-2975.8324769649917
2010,sdg,0.16908573607741093,0.3149783459830446,-0.4360844819518784,-0.6414960643497905,65530.0,0.07542514465219864,0.92,2.359134761403861,0.92,65392.0,68428.43717194496,-3036.4371719449555
2007,dal,3.8910091073235535,1.619888636484229,-1.3348169675988968,0.8727330177782031,63534.0,-0.698080078303836,0.97,-0.1923002762359031,0.96,63368.0,66420.37329286158,-3052.373292861579
2016,was,0.5826327773269824,0.1518645596703965,0.4626480036951401,-0.6414960643497905,78304.0,1.4712016496515694,0.96,-0.1923002762359031,0.88,75175.0,78236.46555324394,-3061.4655532439356
2016,pit,0.9961798185765536,0.9674334912336371,-1.3348169675988968,1.6298475588421997,64312.0,-0.7706274886257748,0.99,-0.1923002762359031,0.91,62471.0,65562.03011611474,-3091.0301161147363
2011,cin,0.16908573607741093,0.3149783459830446,0.4626480036951401,0.11561847671420634,49251.0,-0.6752594034028229,0.75,-0.1923002762359031,0.93,61188.0,64332.80179603662,-3144.8017960366196
2009,buf,-1.071555387671303,-0.6637043718928439,1.3613804893421588,-0.6414960643497905,70128.0,0.32137608974005105,0.96,0.8282737388200024,0.87,63195.0,66373.4728925197,-3178.472892519698
2011,cle,-1.071555387671303,-1.3161595171434366,1.3613804893421588,-0.6414960643497905,65859.0,0.3384772135273874,0.9,-1.2128742912918091,0.91,66632.0,69838.20198201563,-3206.2019820156274
2007,chi,0.16908573607741093,-0.3374767992675478,1.3613804893421588,-0.6414960643497905,62158.0,-0.5174935520690128,0.93,-1.2128742912918091,1.01,62034.0,65268.475249890274,-3234.4752498902744
2017,cle,-1.071555387671303,-2.6210698076446213,1.3613804893421588,-0.6414960643497905,63882.0,0.3723535776179014,0.87,-1.2128742912918091,0.98,65765.0,69013.23735710913,-3248.2373571091302
2012,sdg,-1.4851024289208747,-0.3374767992675478,-0.4360844819518784,-0.6414960643497905,59964.0,0.09668275275985884,0.84,2.359134761403861,0.9,64205.0,67484.48739764465,-3279.4873976446543
2009,kan,-1.4851024289208747,-1.3161595171434366,1.3613804893421588,-0.6414960643497905,67514.0,0.8169200176684704,0.88,-0.1923002762359031,0.88,67672.0,70952.03681428047,-3280.0368142804655
2017,oti,0.9961798185765536,0.3149783459830446,-0.4360844819518784,0.8727330177782031,65651.0,-0.2110562670680836,0.95,-0.1923002762359031,0.93,64520.0,67851.51658308995,-3331.5165830899496
2010,atl,2.2368209423252683,1.619888636484229,-1.3348169675988968,0.8727330177782031,67850.0,0.10145374297357812,0.95,-0.1923002762359031,0.97,68986.0,72328.35186630089,-3342.351866300887
2018,chi,1.8232739010756964,1.2936610638589332,-1.3348169675988968,0.11561847671420634,61815.0,-1.278078027070851,1.01,-1.2128742912918091,1.0070000000000001,61916.0,65341.51985973875,-3425.51985973875
2018,oti,-0.2444613051721605,0.3149783459830446,0.4626480036951401,-0.6414960643497905,64520.0,-0.17460005134166015,0.93,-0.1923002762359031,0.9329999999999999,64509.0,67936.77563279304,-3427.77563279304
2017,det,-0.6580083464217319,0.3149783459830446,-0.4360844819518784,-0.6414960643497905,64137.0,-0.7944926932731701,0.99,-1.2128742912918091,0.97,62795.0,66322.86232020613,-3527.862320206128
2013,ram,-0.6580083464217319,-0.3374767992675478,1.3613804893421588,-0.6414960643497905,56957.0,-0.702286007021717,0.87,2.359134761403861,0.87,57018.0,60554.51878671359,-3536.51878671359
2015,was,-1.071555387671303,0.3149783459830446,-1.3348169675988968,0.11561847671420634,76209.0,1.8910792415879465,0.9,-0.1923002762359031,0.96,78304.0,81883.52596557506,-3579.525965575056
2014,cin,0.16908573607741093,0.8043197049209888,-0.4360844819518784,0.11561847671420634,60703.0,-0.7287171098837042,0.93,-0.1923002762359031,0.94,61389.0,65123.04044132958,-3734.0404413295764
2011,kan,-0.6580083464217319,-0.3374767992675478,1.3613804893421588,-0.6414960643497905,72082.0,0.8118604492059914,0.94,-0.1923002762359031,0.89,68508.0,72251.66086516903,-3743.660865169033
2010,jax,-0.2444613051721605,-0.011249226642251607,-0.4360844819518784,-0.6414960643497905,63032.0,-0.4879590099936437,0.94,-0.1923002762359031,0.93,62331.0,66128.58753067073,-3797.587530670731
2011,sfo,2.2368209423252683,1.619888636484229,-1.3348169675988968,1.6298475588421997,69732.0,-0.03148800754644221,0.99,-1.723161298819761,0.99,69732.0,73574.87145897104,-3842.8714589710435
2009,cle,-0.6580083464217319,-0.9899319445181402,1.3613804893421588,-0.6414960643497905,68888.0,0.35311753730724565,0.94,-1.2128742912918091,0.9,66116.0,70159.69738261693,-4043.697382616927
2016,rai,1.4097268598261252,1.2936610638589332,-0.4360844819518784,0.11561847671420634,54584.0,-1.0705343441119417,0.87,1.848847753875908,0.92,57775.0,61899.47628806743,-4124.476288067432
2014,mia,-0.2444613051721605,-0.011249226642251607,0.4626480036951401,-0.6414960643497905,70035.0,0.6260170767325789,0.93,1.338560746347955,1.03,67193.0,71343.91569014972,-4150.915690149719
2010,kan,0.5826327773269824,0.6412059186083408,-1.3348169675988968,0.11561847671420634,67672.0,0.8411602469603252,0.88,-0.1923002762359031,0.94,72082.0,76286.58225630116,-4204.582256301161
2012,tam,-0.2444613051721605,-0.3374767992675478,1.3613804893421588,-0.6414960643497905,55102.0,-0.6847614563944309,0.84,-0.1923002762359031,0.9,58818.0,63056.25116227798,-4238.251162277978
2012,ram,-1.4851024289208747,-0.1743630129548997,0.4626480036951401,-0.6414960643497905,56703.0,-0.7417023903427942,0.87,2.359134761403861,0.87,56957.0,61286.548087576346,-4329.548087576346
2011,was,-1.071555387671303,-0.9899319445181402,1.3613804893421588,-0.6414960643497905,76921.0,2.8220939939423526,0.84,-0.1923002762359031,0.87,79654.0,84071.99208551116,-4417.992085511156
2014,cle,0.16908573607741093,-0.3374767992675478,1.3613804893421588,-0.6414960643497905,67425.0,0.35351407122826045,0.92,-1.2128742912918091,0.9,66186.0,70645.32787547942,-4459.3278754794155
2017,buf,-0.2444613051721605,0.3149783459830446,-0.4360844819518784,0.11561847671420634,66775.0,0.3658103283835422,0.91,0.8282737388200024,0.9,64961.0,69510.13640891726,-4549.136408917257
2015,det,-0.6580083464217319,-0.3374767992675478,0.4626480036951401,-0.6414960643497905,61347.0,-0.7299695943860617,0.94,-1.2128742912918091,0.94,60792.0,65466.71746962268,-4674.717469622679
2009,sdg,0.9961798185765536,1.619888636484229,-1.3348169675988968,0.8727330177782031,67543.0,0.057824560125560885,0.95,2.359134761403861,0.92,65530.0,70237.93453735593,-4707.934537355934
2009,ram,-1.071555387671303,-2.2948422350193254,1.3613804893421588,-0.6414960643497905,55237.0,-0.7675101714741863,0.85,2.359134761403861,0.81,52922.0,57682.89157172189,-4760.8915717218915
2015,rai,0.5826327773269824,-0.3374767992675478,0.4626480036951401,-0.6414960643497905,54613.0,-1.0660340483784332,0.87,1.848847753875908,0.87,54584.0,59442.836133717596,-4858.836133717596
2014,det,0.5826327773269824,0.9674334912336371,-0.4360844819518784,0.11561847671420634,63024.0,-0.8585738987549523,0.98,-1.2128742912918091,0.94,61347.0,66338.94984742357,-4991.949847423573
2011,pit,1.4097268598261252,1.2936610638589332,-0.4360844819518784,0.11561847671420634,63034.0,-0.7676722803684065,0.97,-0.1923002762359031,0.94,61141.0,66211.92369007153,-5070.923690071533
2016,cle,-1.071555387671303,-2.2948422350193254,1.3613804893421588,-0.6414960643497905,64311.0,0.3255184074038497,0.88,-1.2128742912918091,0.87,63882.0,69010.46056918554,-5128.4605691855395
2010,cle,-0.6580083464217319,-0.9899319445181402,0.4626480036951401,-0.6414960643497905,66116.0,0.3770297469777789,0.9,-1.2128742912918091,0.9,65859.0,70992.87541754064,-5133.875417540636
2013,cin,-0.6580083464217319,0.9674334912336371,-1.3348169675988968,0.11561847671420634,63297.0,-0.7310667820824438,0.97,-0.1923002762359031,0.93,60703.0,65960.62553375009,-5257.625533750092
2009,cin,-1.071555387671303,0.6412059186083408,-1.3348169675988968,0.11561847671420634,64004.0,-0.7235650267496863,0.98,-0.1923002762359031,0.92,60364.0,65703.65618004721,-5339.656180047212
2011,rai,0.16908573607741093,-0.011249226642251607,0.4626480036951401,-0.6414960643497905,59242.0,-1.0323032918021104,0.94,1.848847753875908,0.86,54216.0,59711.46260483368,-5495.4626048336795
2015,cle,-0.2444613051721605,-1.6423870897687327,1.3613804893421588,-0.6414960643497905,66186.0,0.3875304370226314,0.9,-1.2128742912918091,0.88,64311.0,69831.77155142737,-5520.771551427373
2013,was,-0.2444613051721605,-1.6423870897687327,1.3613804893421588,-0.6414960643497905,77220.0,2.8701507233823262,0.84,-0.1923002762359031,0.85,77964.0,83639.48941554407,-5675.489415544071
2015,cin,1.8232739010756964,1.2936610638589332,-1.3348169675988968,0.11561847671420634,61389.0,-0.7239372830837008,0.94,-0.1923002762359031,0.92,60511.0,66187.97418390756,-5676.974183907558
2016,tam,-0.6580083464217319,0.3149783459830446,-0.4360844819518784,-0.6414960643497905,60624.0,-0.6445243401932766,0.92,-0.1923002762359031,0.91,59952.0,65667.37854226014,-5715.378542260136
2006,sdg,3.0639150248244107,1.9461162091095257,-1.3348169675988968,0.8727330177782031,66378.0,0.0951273510086448,0.93,2.359134761403861,0.92,65502.0,71240.27700877831,-5738.277008778314
2010,ram,-1.071555387671303,-0.3374767992675478,-0.4360844819518784,-0.6414960643497905,52922.0,-0.7201090173277329,0.81,2.359134761403861,0.86,56394.0,62238.41630908971,-5844.416309089713
2018,pit,1.8232739010756964,0.4780921322956927,-0.4360844819518784,-0.6414960643497905,63456.0,-0.3290618145820945,0.93,-0.1923002762359031,0.91,62237.0,68367.53690462236,-6130.536904622364
2012,pit,-0.6580083464217319,-0.011249226642251607,0.4626480036951401,-0.6414960643497905,61141.0,-0.7595566450595569,0.94,-0.1923002762359031,0.88,57311.0,63723.48934864861,-6412.489348648611
2009,det,-1.4851024289208747,-1.9686146623940288,1.3613804893421588,-0.6414960643497905,49395.0,-0.8802905392055203,0.77,-1.2128742912918091,0.87,56285.0,62704.253974065876,-6419.253974065876
2008,mia,-0.2444613051721605,0.9674334912336371,-1.3348169675988968,0.11561847671420634,65489.0,0.6217320342988921,0.87,1.338560746347955,0.9,67542.0,74005.54012600593,-6463.54012600593
2015,sdg,-1.071555387671303,-1.3161595171434366,1.3613804893421588,-0.6414960643497905,66772.0,-0.05174579810186967,0.95,2.359134761403861,0.8,57024.0,63530.91114023227,-6506.911140232267
2011,tam,-1.071555387671303,-1.3161595171434366,1.3613804893421588,-0.6414960643497905,56614.0,-0.6533565687258746,0.86,-0.1923002762359031,0.84,55102.0,61743.379745520506,-6641.379745520506
2017,pit,2.6503679835748395,1.619888636484229,-1.3348169675988968,0.8727330177782031,62471.0,-0.2727371277820244,0.91,-0.1923002762359031,0.93,63456.0,70356.70479228589,-6900.704792285891
2009,min,2.6503679835748395,1.2936610638589332,-1.3348169675988968,1.6298475588421997,63775.0,-0.9308311981087912,1.0,-1.2128742912918091,0.94,58751.0,65897.17464384722,-7146.174643847218
2012,rai,-1.071555387671303,-1.3161595171434366,0.4626480036951401,-0.6414960643497905,54216.0,-1.0298115397359076,0.86,1.848847753875908,0.8,50444.0,57771.44240014252,-7327.442400142521
2017,min,1.4097268598261252,1.619888636484229,-1.3348169675988968,1.6298475588421997,66721.0,0.3577988129019117,0.91,-1.2128742912918091,1.0,66811.0,74283.68769019432,-7472.687690194318
2006,chi,1.8232739010756964,1.619888636484229,-1.3348169675988968,2.3869620999061967,62223.0,-0.5080574481116558,0.93,-1.2128742912918091,0.93,62158.0,69637.08906446019,-7479.08906446019
2010,was,-0.2444613051721605,-0.6637043718928439,1.3613804893421588,-0.6414960643497905,83172.0,2.7984921682410677,0.91,-0.1923002762359031,0.84,76921.0,84535.73925355916,-7614.739253559164
2014,was,-0.6580083464217319,-1.3161595171434366,1.3613804893421588,-0.6414960643497905,77964.0,2.8423093980125005,0.85,-0.1923002762359031,0.9,76209.0,83831.73648786714,-7622.736487867136
2012,mia,0.16908573607741093,-0.3374767992675478,-0.4360844819518784,-0.6414960643497905,57379.0,0.6519701829003168,0.76,1.338560746347955,0.86,64319.0,72126.32801207747,-7807.3280120774725
2014,ram,-0.6580083464217319,-0.6637043718928439,1.3613804893421588,-0.6414960643497905,57018.0,-0.6928198677201981,0.87,2.359134761403861,0.8,52402.0,60220.46920442263,-7818.469204422632
2017,tam,-0.6580083464217319,-0.9899319445181402,1.3613804893421588,-0.6414960643497905,59952.0,-0.6464594888603374,0.91,-0.1923002762359031,0.83,54356.0,62317.527397460995,-7961.527397460995
2011,sdg,0.5826327773269824,-0.011249226642251607,-0.4360844819518784,-0.6414960643497905,65392.0,0.05517381385140873,0.92,2.359134761403861,0.84,59964.0,67973.6203048744,-8009.620304874406
2010,tam,-1.071555387671303,0.6412059186083408,0.4626480036951401,-0.6414960643497905,49314.0,-0.6639186581543804,0.75,-0.1923002762359031,0.86,56614.0,65142.21692327325,-8528.216923273249
2013,min,-0.6580083464217319,-0.8268181582054921,1.3613804893421588,-0.6414960643497905,64019.0,-0.8978890333395064,1.0,-1.2128742912918091,1.05,52238.0,62058.20135544276,-9820.201355442761
2018,tam,-1.071555387671303,-0.9899319445181402,1.3613804893421588,-0.6414960643497905,54356.0,-0.699404845523861,0.83,-0.1923002762359031,0.7909999999999999,51898.0,61902.609586193015,-10004.609586193015
2010,mia,0.16908573607741093,-0.3374767992675478,0.4626480036951401,-0.6414960643497905,67744.0,0.6212457954495251,0.9,1.338560746347955,0.81,60886.0,70989.90246598475,-10103.90246598475
2016,cin,0.5826327773269824,-0.5005905855801959,0.4626480036951401,-0.6414960643497905,60511.0,-0.6611069516460981,0.92,-0.1923002762359031,0.81,53275.0,63875.93038628112,-10600.930386281121
2007,det,-1.4851024289208747,-0.3374767992675478,0.4626480036951401,-0.6414960643497905,61304.0,-0.7361455321480048,0.94,-1.2128742912918091,0.85,54497.0,65454.36218045103,-10957.362180451033
2012,was,0.5826327773269824,0.6412059186083408,-1.3348169675988968,0.11561847671420634,79654.0,2.8198937262007195,0.87,-0.1923002762359031,0.84,77220.0,88506.35934251259,-11286.359342512587
2009,tam,-1.4851024289208747,-1.6423870897687327,1.3613804893421588,-0.6414960643497905,62991.0,-0.6823304930740987,0.96,-0.1923002762359031,0.75,49314.0,61030.248657257536,-11716.248657257536
2016,ram,-0.2444613051721605,-1.3161595171434366,0.4626480036951401,-0.6414960643497905,74121.0,1.5778586585357293,0.9,2.359134761403861,0.68,63392.0,75224.48811839301,-11832.488118393012
2009,rai,-0.2444613051721605,-0.9899319445181402,0.4626480036951401,-0.6414960643497905,44284.0,-0.9999750275572024,0.7,1.848847753875908,0.74,46431.0,58732.4441237399,-12301.4441237399
2018,was,-0.6580083464217319,-0.3374767992675478,0.4626480036951401,-0.6414960643497905,61028.0,1.593196152913982,0.74,-0.1923002762359031,0.799,65488.0,78085.97800742017,-12597.97800742017
2008,det,-1.4851024289208747,-2.6210698076446213,1.3613804893421588,-0.6414960643497905,54497.0,-0.8850473071022994,0.85,-1.2128742912918091,0.77,49395.0,62173.577831779214,-12778.577831779214
2011,mia,-0.2444613051721605,-0.6637043718928439,0.4626480036951401,-0.6414960643497905,60886.0,0.6073115464376245,0.81,1.338560746347955,0.76,57379.0,70430.72504549501,-13051.725045495012
2010,cin,-1.4851024289208747,-1.3161595171434366,1.3613804893421588,-0.6414960643497905,60364.0,-0.6826790214121564,0.92,-0.1923002762359031,0.75,49251.0,62477.77761291197,-13226.777612911967
2017,cin,-0.2444613051721605,-0.3374767992675478,0.4626480036951401,-0.6414960643497905,53275.0,-0.6612718175525988,0.81,-0.1923002762359031,0.78,50753.0,64022.513677053634,-13269.513677053634
2008,jax,-1.4851024289208747,-0.9899319445181402,1.3613804893421588,-0.6414960643497905,65167.0,-0.4707919463609517,0.97,-0.1923002762359031,0.74,49651.0,62962.35102907133,-13311.351029071331
2008,rai,-0.6580083464217319,-0.9899319445181402,0.4626480036951401,-0.6414960643497905,57850.0,-1.051605439043938,0.92,1.848847753875908,0.7,44284.0,58192.30613574294,-13908.30613574294
2018,cin,-1.071555387671303,-0.6637043718928439,1.3613804893421588,-0.6414960643497905,50753.0,-0.75627165013788,0.78,-0.1923002762359031,0.72,47179.0,62570.961598926835,-15391.961598926835
2017,ram,1.8232739010756964,0.9674334912336371,-1.3348169675988968,0.11561847671420634,63392.0,3.0449815399874627,0.68,2.359134761403861,0.77,72429.0,89414.19641511737,-16985.196415117374
2018,ram,0.16908573607741093,1.619888636484229,-1.3348169675988968,2.3869620999061967,72429.0,3.1584034319234373,0.77,2.359134761403861,0.9279999999999999,71229.0,89542.41279333999,-18313.412793339987
2017,was,-0.2444613051721605,-0.3374767992675478,0.4626480036951401,-0.6414960643497905,75175.0,1.9922642999779536,0.88,-0.1923002762359031,0.74,61028.0,80679.8908665133,-19651.890866513306
